customer_id,phone
3919,100-157-05
1890,100-335-58
2935,100-391-64
2402,100-479-20
2417,100-562-70
5821,100-849-50
1831,101-010-52
1404,101-067-56
5690,101-146-98
2098,101-414-75
5098,101-428-03
4988,101-670-07
3052,101-692-80
6480,102-268-21
6476,102-331-43
1014,102-532-78
4788,102-797-51
3771,102-809-80
5949,102-842-22
5760,103-130-23
2300,103-175-43
4750,103-325-05
5751,103-336-66
4986,103-347-08
6288,103-645-36
5303,103-926-13
5421,103-949-61
2080,104-014-09
5820,104-057-53
4456,104-165-77
1674,104-174-39
1703,104-307-68
3536,104-349-61
4800,104-379-05
2474,104-396-20
6172,104-465-10
6418,104-827-23
3899,104-911-27
2178,104-947-62
4652,104-952-40
6711,105-181-68
5965,105-200-99
5986,105-213-20
4996,105-343-60
3593,105-751-52
5512,105-952-62
6523,105-997-00
3433,106-117-86
4273,106-327-28
4163,106-364-80
3596,106-663-80
6669,106-779-58
3417,107-040-92
2368,107-360-66
6068,107-644-42
2920,107-805-06
3931,108-458-90
1272,108-478-70
4211,108-497-44
4109,108-657-07
4086,108-681-47
3782,108-695-26
2446,109-077-50
4898,109-163-83
3984,109-207-07
4074,109-449-69
4055,109-880-04
5309,109-937-37
5676,109-939-46
3746,110-084-75
2177,110-086-03
5100,110-154-53
2554,110-253-66
5441,110-272-99
1731,110-499-55
3413,110-540-42
2797,110-567-96
4134,110-611-49
4936,110-624-48
4683,110-679-66
2007,110-785-08
3133,110-938-45
3161,110-963-09
2519,111-219-69
2049,111-448-39
2856,111-490-98
3014,111-512-65
6309,111-752-37
5155,111-792-54
1551,111-813-69
4027,112-622-12
1481,112-629-44
1935,112-845-87
3137,113-026-80
2549,113-060-57
1865,113-073-82
4579,113-085-07
5684,113-155-30
2661,113-246-88
1026,113-261-51
1335,113-355-27
6460,113-425-77
5198,113-522-38
1063,113-537-31
3997,113-779-71
1606,114-011-92
3416,114-114-46
5559,114-230-96
5499,114-449-56
4503,114-553-63
3744,114-690-64
4645,114-768-02
1097,114-992-94
4283,115-161-70
5332,115-269-30
1832,115-351-60
5584,115-401-35
1447,115-508-90
3223,115-953-63
2103,116-031-62
2824,116-091-20
4798,116-300-26
3939,116-477-41
1092,116-781-78
2321,116-850-84
3946,117-499-60
2602,117-784-76
6348,118-066-94
3274,118-127-05
5154,118-281-40
4330,118-520-01
3631,118-700-72
4524,118-777-54
5732,119-022-18
3467,119-980-74
6076,120-305-88
6036,120-503-59
1127,120-614-62
2469,120-626-17
2951,120-905-67
5981,120-989-60
3794,121-353-38
1508,121-381-80
3495,121-888-56
3565,122-053-17
5334,122-076-78
2188,122-288-70
5639,122-376-02
5249,122-777-31
2966,122-897-81
2830,123-022-91
3568,123-100-86
4379,123-483-79
5315,123-506-60
5091,123-530-10
3689,123-565-21
4653,123-584-19
1160,124-059-55
4131,124-238-05
2439,124-369-20
3291,124-527-68
2930,124-722-20
2479,124-776-72
1479,124-838-04
3315,124-922-78
1312,125-018-50
3042,125-034-49
6052,125-221-61
4187,125-254-28
4354,125-282-43
3179,125-387-46
4095,125-658-13
1400,125-805-19
2023,125-956-19
2104,126-111-95
1988,126-257-99
2460,126-348-93
4572,126-361-00
5055,126-672-16
2781,126-714-08
1070,126-748-40
3864,127-152-15
6132,127-569-88
2601,127-815-76
5785,127-838-31
6330,127-839-70
5430,127-883-33
4974,127-932-30
1846,127-966-62
5353,127-975-59
5952,128-130-39
4741,128-295-37
1891,128-392-00
2021,128-549-42
5178,128-557-44
3673,128-788-75
4417,128-814-63
1701,128-977-57
3087,129-202-75
2053,129-229-37
3269,129-346-73
5976,129-442-47
2567,129-569-64
6397,129-624-00
4859,129-650-35
4650,129-902-37
4381,130-005-11
5259,130-048-21
3260,130-216-77
1150,130-307-03
2545,130-463-84
2956,130-653-75
3985,130-669-33
4003,130-677-31
6467,130-826-85
2639,131-089-03
2366,131-125-09
6430,131-138-71
2493,131-560-70
2294,131-591-16
3422,131-710-76
6495,131-892-95
1677,132-100-27
1655,132-425-58
4812,132-474-10
1581,132-912-36
4511,133-048-41
2937,133-274-91
1600,133-330-48
3859,133-368-84
6362,133-456-65
1885,133-709-46
4946,133-926-61
6176,134-106-67
6686,134-364-76
5131,134-402-56
3915,134-570-96
5414,134-620-57
5010,134-629-91
1691,134-634-83
3906,135-021-60
3082,135-064-87
1966,135-219-78
3398,135-333-24
3586,135-882-92
5062,135-997-61
3838,136-091-32
1855,136-311-58
1556,136-352-00
1519,136-365-22
3714,136-587-88
4493,136-668-99
5517,136-771-16
1702,137-001-17
2355,137-089-02
2354,137-114-69
1108,137-130-06
2958,137-248-40
2176,137-459-69
1131,138-869-21
4265,139-453-63
4282,139-555-29
4049,139-653-87
2967,139-705-01
2887,139-792-02
5586,139-811-93
5066,140-073-73
2026,140-239-91
2405,140-566-83
2450,140-866-14
5423,140-933-66
3540,141-246-56
3036,141-499-99
4054,142-026-56
4903,142-231-74
4614,142-384-92
3552,142-498-60
1588,142-600-75
5955,142-627-12
3835,142-718-99
6174,142-971-85
1767,143-065-29
2356,143-364-77
5912,143-382-38
1704,143-568-40
5459,143-817-12
2565,143-829-42
4536,143-908-68
2287,144-119-43
5718,144-195-22
3016,144-251-87
4200,144-474-98
1897,144-481-44
6230,144-647-99
5583,144-700-65
1732,144-922-76
1894,145-126-80
4922,145-279-56
4532,145-675-52
4353,145-866-39
1502,146-136-65
4526,146-348-88
6616,146-382-53
3699,146-409-42
1039,146-477-78
4707,146-721-83
3628,146-812-60
4089,146-926-60
6030,147-100-66
2787,147-157-44
5073,147-180-97
3207,147-214-83
2716,147-226-84
6493,147-374-11
1347,147-383-24
2081,147-494-10
4797,147-610-27
4843,148-032-31
3027,148-213-01
5599,148-225-51
2422,148-369-80
6382,148-739-85
3909,148-747-96
4901,148-838-13
1590,148-893-80
3197,149-017-74
3068,149-043-86
1428,149-117-21
5096,149-176-87
2267,149-240-91
3172,149-353-85
1825,149-693-51
1839,149-922-39
6014,150-095-84
3575,150-244-84
2506,150-249-95
5379,150-315-32
3442,150-440-66
1828,150-680-48
4405,150-706-75
1415,150-724-01
5179,150-868-03
2653,150-907-84
6702,150-992-92
6720,151-043-39
4349,151-151-36
4332,151-231-11
3571,151-387-26
5304,151-743-38
5026,151-839-52
5121,151-866-34
4561,152-182-26
4076,152-382-13
1878,152-395-45
4307,152-429-61
5652,152-620-52
4108,152-796-49
5765,152-852-53
4409,152-899-09
3766,152-939-81
5944,152-946-39
3564,153-096-58
5516,153-151-95
5826,153-213-60
6613,153-215-84
2427,153-225-81
4084,153-361-57
3700,153-475-93
3930,153-526-01
3615,153-762-22
1004,153-833-88
2121,153-993-78
1181,154-016-48
3622,154-052-53
5205,154-057-31
2488,154-174-16
3193,154-285-54
5649,154-424-51
4393,154-824-01
5614,154-830-14
1687,155-003-16
1067,155-101-55
4215,155-150-33
3103,155-185-01
1530,155-244-48
6310,155-363-72
1162,155-419-82
6159,155-428-28
2654,155-501-73
4505,156-044-42
6237,156-072-95
5741,156-287-14
5585,156-303-88
2792,156-396-31
1123,156-420-13
5570,156-505-70
5908,156-605-23
1535,156-726-06
4415,156-851-20
3411,157-272-05
4593,157-273-55
5742,157-410-19
5401,157-542-45
5602,157-620-07
3099,157-683-33
1706,157-731-83
2984,157-807-47
3896,158-098-91
1019,158-319-70
6423,158-356-33
2744,158-493-27
1360,158-567-94
6695,158-821-96
6639,158-898-96
3278,159-290-34
5111,159-450-23
2162,159-463-14
3173,159-467-19
1478,159-546-37
3368,159-784-05
4715,160-187-67
5317,160-404-80
1981,160-553-93
1177,160-636-39
6240,160-836-11
5656,161-123-47
1189,161-125-58
4080,161-271-96
5973,161-409-60
1565,161-550-76
5713,161-626-51
5538,161-728-88
4654,161-823-96
3731,161-845-70
6205,162-067-79
1906,162-207-09
1195,162-313-70
1805,162-373-28
1857,162-508-20
4885,162-597-15
6545,163-017-45
3518,163-383-01
3555,163-477-47
3749,163-637-31
5388,163-687-00
2598,164-448-09
3895,164-463-88
4136,164-789-26
6628,164-896-22
4975,164-915-55
4874,165-027-94
3825,165-130-37
3129,165-620-61
1275,165-688-62
2215,165-862-36
2906,166-200-34
5209,166-233-97
2914,166-280-09
4895,166-290-25
4327,166-344-24
6470,166-724-65
3157,166-784-59
3453,167-167-08
3056,167-372-72
6580,167-483-16
4742,167-580-63
4762,167-813-53
2777,167-859-09
2342,167-874-89
1178,168-001-78
6643,168-073-15
1663,168-175-86
5886,168-184-89
3454,168-346-38
2264,168-517-06
4985,168-629-02
2560,168-668-98
2982,168-684-38
1444,169-055-46
5675,169-314-59
2879,169-424-39
1164,169-587-13
1464,169-745-39
1648,169-755-45
1474,169-925-32
4285,169-935-99
5724,170-018-93
4021,170-419-03
4727,170-423-04
5715,170-430-97
2256,170-504-37
2845,171-273-58
3842,171-316-01
2952,171-442-53
1042,171-672-36
4920,172-104-58
6254,172-104-91
1630,172-193-78
1978,172-262-89
1153,172-308-88
4209,172-561-96
6021,172-718-61
4501,172-766-25
1558,172-995-73
4598,173-207-40
3251,173-271-23
3647,173-342-20
1374,173-519-89
4383,173-637-41
1699,173-748-74
3339,173-829-06
3694,173-911-24
5878,173-940-34
6630,173-961-45
2353,174-147-61
1658,174-594-72
4161,174-705-92
1566,174-813-69
1096,175-332-95
2611,175-461-93
1763,175-473-09
4748,175-479-31
2358,175-663-45
6506,175-733-42
3572,175-997-65
1893,176-165-01
5325,176-405-87
5119,176-427-22
1405,176-534-20
4900,176-848-90
4101,176-860-33
1426,177-123-66
1513,177-585-35
2276,178-064-08
2254,178-324-17
5165,178-387-29
1873,178-673-02
5682,178-952-38
1281,178-958-29
1134,179-036-71
5662,179-083-90
5039,179-217-87
5628,179-662-91
2166,179-676-26
4676,179-832-49
6231,179-959-85
3938,180-134-69
1294,180-225-84
2513,180-252-39
3981,180-416-94
2508,180-539-05
4231,180-633-52
4408,180-684-69
3487,180-780-83
5635,180-785-03
4506,181-364-62
1793,181-908-46
5255,181-986-72
5975,183-146-90
1007,183-309-54
1302,183-415-67
5413,183-728-79
2248,183-733-18
4670,183-745-67
3402,183-797-51
3742,183-833-81
3635,183-967-61
1226,183-988-88
5141,184-050-07
3670,184-620-64
6519,184-811-85
3840,184-869-81
5702,185-000-34
5262,185-020-32
6433,185-393-33
5658,185-813-82
4081,185-990-07
6617,186-208-91
5916,186-449-72
6091,186-479-48
2223,186-759-84
5377,186-894-60
5689,187-090-73
2275,187-122-08
4030,187-432-24
6282,187-514-90
3293,187-608-65
2385,187-805-75
3901,187-896-72
6304,187-907-33
1803,188-376-55
5933,188-623-48
1021,189-081-30
3437,189-116-55
2685,189-379-24
2574,189-396-06
2305,189-528-26
1932,189-720-77
4606,190-473-54
6661,190-503-05
1743,190-681-89
1495,190-698-43
6624,190-702-16
2433,190-789-55
1996,190-975-75
3751,190-982-05
2009,191-015-58
1386,191-273-73
4844,191-540-47
4531,191-589-42
5313,191-826-87
2429,191-963-96
4894,192-155-91
6361,192-474-62
1203,192-626-20
1157,192-668-52
5358,192-711-14
6227,193-005-54
6070,193-039-82
1955,193-042-53
2995,193-078-68
6137,193-143-62
6594,193-457-74
5012,193-549-59
4636,193-668-70
5173,193-804-73
3923,193-839-62
4154,194-178-69
1657,194-293-79
6039,194-296-10
6424,194-334-75
6714,194-462-57
6210,194-605-76
5903,194-722-65
4432,195-089-75
3590,195-143-23
1998,195-216-50
6490,195-251-24
5436,195-656-58
1730,195-968-05
3134,196-086-95
4726,196-092-58
2505,196-196-72
6141,196-268-32
1144,196-372-83
4663,196-495-73
3218,196-575-07
6705,196-619-35
6491,196-702-32
5277,196-899-02
6699,197-524-58
3606,197-584-09
1320,197-638-20
2304,197-703-42
3861,197-876-30
4525,197-905-93
1509,199-053-57
5267,199-146-24
4540,199-221-87
2107,199-263-43
2629,199-291-37
2726,199-526-06
4806,199-572-99
5979,199-701-94
3921,199-728-51
4778,199-829-51
3737,199-862-66
3164,200-148-74
4830,200-272-68
4835,200-314-82
2509,200-362-91
1518,201-065-04
1750,201-107-32
2163,201-204-46
3472,201-214-17
2010,201-254-90
1017,201-295-39
4094,201-673-10
1680,202-275-39
4279,202-283-70
5462,202-844-78
6605,202-879-59
6432,203-044-15
1707,203-262-35
1546,203-283-86
4521,203-356-52
4192,203-391-91
2088,203-419-90
3669,203-491-51
3660,203-806-59
4083,203-890-86
4312,203-953-16
3299,203-971-59
3381,203-995-32
2717,204-174-39
6459,204-364-19
2068,204-826-56
1634,204-827-13
3267,205-007-63
4275,205-037-38
5901,205-081-56
5343,205-126-56
4789,205-910-49
1941,205-956-33
5798,206-093-05
4313,206-318-13
6586,206-388-36
1288,207-158-33
5453,207-726-88
1175,207-828-38
5905,207-845-09
3499,208-017-56
2648,208-032-09
3449,208-367-41
5027,208-820-12
4733,208-950-74
4078,209-333-35
1795,209-374-20
3792,209-395-18
3006,209-520-08
4162,210-022-16
2288,210-305-55
2111,210-398-23
5926,210-552-27
2306,210-621-68
4691,210-966-39
1770,211-073-11
3032,212-241-90
2742,212-533-01
5478,212-557-17
6403,212-588-95
2945,212-625-98
2712,213-300-08
2375,213-424-72
6655,214-020-50
6535,214-024-80
1665,214-084-51
1027,214-089-11
1232,214-256-32
1163,214-286-73
4375,214-466-63
2753,214-657-79
3978,214-832-71
5190,214-865-59
5998,215-039-18
3049,215-127-44
5077,215-251-33
3712,215-513-30
5527,215-581-28
2811,215-710-30
4365,215-807-51
5164,215-961-03
1768,215-982-45
3273,216-144-34
2731,216-380-22
1887,216-816-52
1834,216-829-54
2706,216-832-67
4142,216-885-22
3507,217-017-53
1716,217-115-43
3301,217-287-68
2950,217-527-31
1721,217-547-12
4206,217-561-20
4616,217-580-50
5227,217-675-07
1764,217-928-23
4696,217-984-80
5257,218-182-76
4042,218-211-35
2666,218-385-41
4416,218-386-84
5564,219-121-18
4221,219-259-08
1485,219-269-57
5291,219-360-82
2384,220-381-62
2467,220-539-30
6537,220-896-24
5482,221-173-17
1269,221-333-04
5816,221-359-62
6064,221-503-57
2076,221-724-66
5581,221-986-01
2399,222-113-13
4105,222-417-20
3362,222-782-87
6097,222-925-73
3725,223-329-72
1681,223-361-90
1807,223-501-26
6656,224-059-84
5898,224-279-06
5403,224-669-59
5169,224-759-78
2831,224-876-26
1718,224-933-28
3119,224-990-22
1983,225-196-53
2665,225-241-20
3790,225-352-71
3720,225-394-55
5130,225-520-32
4979,225-716-64
4607,225-997-37
6158,225-998-18
2896,226-005-17
3966,226-041-51
4596,226-045-58
1392,226-279-62
2827,226-321-76
6370,226-469-03
6281,226-791-99
5336,226-832-64
4509,226-929-28
3321,226-979-11
2486,227-004-17
1871,227-300-98
6211,227-377-47
3641,227-390-25
6675,227-651-09
2165,228-103-10
3008,228-122-04
3836,228-164-43
3543,228-328-61
4728,228-340-66
2289,228-653-80
4185,228-730-81
3967,228-812-75
5273,229-156-32
3363,229-302-03
5681,229-407-36
4768,229-450-77
3395,229-926-25
1202,230-013-50
4064,230-021-57
2151,230-025-20
4875,230-200-16
4686,230-331-93
2769,230-524-20
1916,230-813-34
1842,230-950-85
5593,231-079-95
4069,231-262-04
2546,231-618-22
3786,231-930-44
5861,232-103-31
2734,232-655-10
1910,232-705-35
4126,232-721-63
6489,232-801-27
3972,233-335-79
2834,233-375-39
5693,233-439-77
5185,233-472-51
1273,233-489-67
1589,233-508-42
1973,233-793-62
1858,233-818-99
3612,233-926-92
2371,233-943-44
4648,234-035-62
5712,234-342-21
1990,234-444-66
3464,234-508-68
5791,234-640-92
1285,234-659-20
2059,234-743-92
4278,234-745-82
5065,235-176-86
5532,235-630-39
5210,236-063-78
2250,236-452-55
1608,236-602-88
5118,236-697-09
1735,237-023-46
5879,237-067-83
4855,237-172-33
3500,237-210-73
1291,237-252-28
6154,237-301-49
2539,237-453-13
2124,237-874-55
6386,237-917-47
1700,237-949-57
5667,238-165-27
4682,238-203-76
6554,238-296-92
4022,238-438-92
5991,239-238-35
4837,239-621-01
2309,239-627-45
4783,239-720-67
1631,239-830-73
4813,239-931-36
3222,239-937-66
6179,240-516-65
6565,240-617-57
3779,240-665-79
3980,240-845-99
6696,241-096-29
2078,241-406-73
3280,241-574-14
3445,241-825-21
4555,241-836-99
4107,241-897-00
5470,241-926-48
3131,241-979-58
3989,242-005-69
4992,242-056-60
5522,242-212-72
1429,242-222-40
4441,242-239-23
6339,242-400-03
2923,242-482-83
5895,242-508-74
5009,242-964-67
1616,243-574-01
5355,243-752-69
2251,243-780-91
1956,243-825-90
4277,244-329-60
4487,244-603-85
1711,244-628-35
4507,244-706-55
3498,244-716-68
3613,244-858-71
1125,244-944-76
3324,245-629-05
2030,246-061-68
4356,246-200-13
5823,246-351-18
3019,246-369-49
4714,246-386-10
1277,246-412-01
6638,246-586-38
5248,247-152-59
2770,247-341-99
5698,247-638-12
2617,247-741-13
4407,247-816-29
1862,248-172-34
3987,248-487-97
4344,248-567-74
1686,248-626-68
6584,248-718-05
6223,248-816-84
2590,249-229-42
5310,249-470-54
3811,249-622-92
5266,249-644-56
2105,249-914-21
4051,249-929-57
1038,249-943-14
5849,249-953-25
6015,249-974-24
6407,250-379-17
6381,250-455-98
5888,250-807-07
1112,251-062-14
6066,251-333-57
3094,251-395-81
1918,251-768-59
3761,252-009-21
3814,252-161-77
2299,252-244-72
2388,252-342-70
2197,252-344-99
4765,252-353-25
4542,252-367-03
3376,252-624-87
5040,252-707-81
1666,252-998-87
6168,253-055-13
4208,253-263-73
2587,253-452-22
1043,253-518-78
5648,253-558-97
3352,253-559-44
5828,253-569-44
5047,253-886-89
5536,253-938-84
3247,253-984-25
5302,254-085-40
4554,254-139-86
2364,254-170-59
4943,254-806-18
2067,254-846-93
2055,254-965-38
2484,255-029-16
2225,255-049-21
5707,255-135-74
2037,255-274-03
3695,255-402-94
1318,255-600-04
5919,255-611-36
3654,255-617-91
2239,255-725-37
2810,255-812-25
1541,256-063-65
3969,256-105-56
5477,256-150-91
4630,256-211-90
3598,256-216-12
4794,256-363-72
1253,256-401-68
1779,256-647-35
2344,256-986-18
1676,257-222-45
2775,257-252-41
4535,257-578-09
1384,258-021-30
1214,258-249-26
5158,258-358-20
4018,258-363-47
2409,258-619-57
6349,258-998-93
6453,259-008-26
1211,259-046-02
3050,259-289-15
3687,259-296-66
1672,259-730-02
1068,259-873-64
4410,260-127-92
1651,260-138-85
5444,260-248-43
2338,260-278-52
4580,260-764-46
6526,260-833-90
1441,261-267-02
1534,261-302-61
6032,261-307-66
3806,261-506-62
5783,261-517-81
6483,261-977-92
6351,262-047-49
5134,262-147-93
2454,262-161-48
5200,262-608-51
3255,262-916-78
5230,263-008-12
2296,263-121-93
4520,263-225-46
2025,263-228-07
3145,263-231-63
5927,263-238-45
2228,263-388-22
6598,264-038-45
4424,264-129-40
4321,264-131-07
3538,264-507-71
1396,264-715-25
4500,264-855-16
2727,265-016-50
3230,265-214-91
4705,265-483-30
6120,265-579-13
4775,265-626-08
1853,265-650-33
6303,265-663-63
2475,265-915-20
2904,266-161-85
1836,266-240-85
1549,266-242-78
1132,266-393-53
6175,266-767-52
3332,266-787-92
5308,267-247-06
5804,267-353-28
5864,267-820-83
5243,267-872-67
2821,267-991-63
5337,267-992-57
6409,268-013-21
2556,268-046-00
1246,268-442-24
5705,268-543-97
5176,268-672-89
4319,268-965-16
1537,268-990-47
3891,269-085-16
2456,269-216-91
3313,269-329-22
4793,269-602-29
5011,269-662-39
5099,269-720-74
2232,269-882-46
5381,270-428-24
2099,270-621-31
6017,271-024-61
2897,271-084-61
5256,271-195-36
5327,271-233-38
1118,271-352-02
4945,271-753-65
1225,271-820-12
5832,272-032-73
5608,272-375-47
2618,272-419-84
1908,272-649-05
5007,272-743-25
2222,272-926-21
6640,272-979-69
6007,273-142-70
4695,273-408-67
5263,273-418-23
5022,273-667-70
6425,273-973-38
4548,274-074-26
4892,274-451-81
3597,275-045-50
5743,275-119-87
4189,275-127-85
4257,275-256-50
5385,275-280-74
1109,275-549-77
2069,275-585-29
5665,275-788-38
5710,275-832-37
4615,276-033-16
6576,276-344-42
5692,276-456-51
6549,276-563-66
3889,276-782-29
5989,276-932-23
5411,277-231-03
4236,277-395-05
5442,277-567-30
2978,277-845-37
2514,277-889-09
6428,277-908-58
3281,277-956-72
4311,278-029-69
6531,278-439-41
5298,278-736-39
4937,279-195-21
1895,279-503-83
3264,279-613-95
4672,279-870-10
5481,279-942-90
6083,280-387-07
4780,280-658-78
4388,280-780-18
2022,280-820-84
3885,281-124-58
2748,281-266-64
5102,281-282-41
4272,281-291-34
6103,281-587-31
5757,281-691-88
3802,281-982-41
2122,282-030-49
6189,282-241-33
3107,282-456-24
4527,282-654-76
3361,282-860-18
1673,282-875-71
6593,282-909-71
5966,283-010-56
1899,283-034-92
3263,283-202-18
5229,283-403-55
3135,283-452-30
6054,283-546-16
2291,284-177-42
1504,284-270-90
2689,284-418-63
6107,284-443-86
1023,284-589-04
5419,284-589-72
1176,284-601-10
5924,284-761-98
5843,284-842-86
4884,285-094-28
5460,285-282-30
4159,286-046-85
1228,286-155-45
4925,286-194-49
6422,286-195-53
5948,286-238-86
4467,286-309-73
3071,286-316-84
2767,286-389-71
4160,286-640-91
3496,286-851-18
5132,287-207-86
5345,287-332-55
2571,287-464-81
1993,287-520-45
5770,287-570-45
1580,287-905-79
1420,287-959-13
5533,288-123-71
4121,288-786-46
4631,288-789-18
1809,288-879-52
6494,289-260-69
1848,289-348-81
5244,289-351-00
6553,289-615-37
3818,289-744-76
5340,289-860-76
3409,290-021-87
6324,290-047-35
6234,290-184-09
6138,290-317-66
6473,290-530-51
2154,290-573-24
5795,290-644-66
3228,290-832-36
4534,291-069-41
1210,291-232-08
6323,291-461-35
6725,291-828-86
4853,291-858-09
4983,292-156-35
4702,292-230-01
1305,292-304-75
2610,292-668-68
5094,292-813-44
4560,292-818-82
6018,292-899-28
2313,292-917-29
5574,293-117-69
4175,293-223-59
3831,293-328-87
1777,293-649-13
3569,293-694-44
3711,293-707-82
3916,293-856-29
6650,293-888-47
4703,293-933-05
2229,294-031-44
6557,294-123-28
2530,294-419-71
4599,294-424-44
1037,294-610-10
4759,294-653-84
2962,294-740-41
4558,294-827-49
6346,294-833-55
4270,295-143-97
4641,295-739-10
2387,295-854-48
5691,296-118-83
1999,296-276-19
2649,296-405-31
3577,296-513-91
2912,296-523-02
2758,296-547-70
2036,296-613-15
4619,296-641-75
6209,297-149-43
1553,297-283-13
1121,297-288-39
4176,297-608-39
3728,298-190-65
2990,298-249-57
2186,298-325-62
3903,298-602-06
5367,298-772-36
3011,298-935-51
2096,299-373-43
2635,299-430-67
2871,299-628-84
3644,299-703-12
3705,299-994-49
2837,300-174-32
1439,300-223-69
3813,300-290-26
5848,300-315-82
3246,300-461-41
4423,300-499-51
2771,300-634-48
6665,300-649-08
3691,301-271-78
2745,301-539-57
5894,301-563-76
3081,301-734-39
6719,302-346-74
2532,302-580-67
6391,302-655-45
2127,302-694-12
6086,302-806-94
4489,303-207-24
5982,303-277-17
1554,303-642-14
3857,303-963-05
4179,304-254-69
5035,304-590-96
5031,304-594-30
5838,304-633-60
1512,304-779-78
5882,304-849-82
4857,305-006-71
2988,305-265-35
1774,305-940-16
6081,305-996-19
4522,306-042-63
3221,306-468-26
5207,306-497-13
1403,306-505-96
5366,306-638-39
4801,306-789-84
5316,306-970-14
4568,307-204-22
4796,307-278-40
1388,307-400-28
3547,307-446-46
4026,307-454-71
2524,307-621-95
4862,307-807-07
1197,307-930-83
3674,308-620-91
3102,308-627-54
2922,308-907-81
1751,309-061-62
1205,309-413-74
5872,309-802-31
3964,310-255-55
3579,310-767-28
5000,310-788-31
2999,310-884-91
4632,310-958-01
5840,311-052-99
2668,311-075-31
2517,311-164-88
1080,311-310-44
2711,311-313-05
4174,311-315-53
4605,311-390-57
3271,311-404-28
5225,311-647-32
4088,311-866-83
3151,312-078-21
4248,312-260-14
3344,312-656-96
6063,312-760-48
2823,312-881-84
5271,313-090-93
5033,313-318-57
3940,313-493-22
5855,313-740-77
1914,313-962-95
6059,314-396-67
5987,314-460-08
5447,314-515-57
1997,314-669-47
5825,314-872-31
6218,315-054-15
6648,315-584-95
4671,315-608-57
3469,316-000-74
2499,316-143-24
1888,316-399-64
6100,316-411-86
2397,316-507-88
3658,316-638-06
6215,317-140-47
6287,317-602-76
1597,317-808-80
6121,317-836-26
6388,318-153-09
5824,318-198-12
6328,318-228-05
1798,318-638-06
4809,318-666-91
5936,318-671-26
2965,318-872-05
3486,318-914-78
3465,319-512-43
1637,319-881-55
4165,320-254-05
6380,320-323-56
2957,320-418-79
1307,320-443-36
2970,320-570-08
5186,321-127-72
4740,321-246-70
4694,321-641-53
5464,322-001-74
6582,322-094-54
4461,322-118-16
2447,322-544-42
3671,322-661-06
3473,322-854-22
4093,322-889-59
3664,322-999-30
5428,323-016-57
3408,323-534-98
4655,323-991-56
4364,324-037-32
5850,324-303-20
3460,324-586-20
5089,324-649-12
1697,325-010-21
5988,325-245-98
1141,325-351-34
2713,325-605-24
3678,325-612-01
1170,325-732-01
4444,326-233-95
1728,326-270-00
4791,326-628-48
3347,326-921-78
1219,327-104-19
2889,327-323-22
3424,327-329-41
1442,327-530-43
1802,327-654-98
4802,327-781-30
2682,327-849-24
1104,327-919-27
5877,327-939-72
5550,327-961-03
4792,328-055-92
4746,328-062-22
3320,328-676-80
2260,328-961-23
2968,329-055-28
5339,329-131-07
3455,329-224-49
3283,329-249-14
1678,329-252-88
5680,329-281-35
4611,329-292-71
6644,329-411-74
4158,329-472-41
3675,329-726-60
6183,329-792-61
5387,330-058-57
1279,330-155-25
5928,330-178-60
4149,330-232-41
3132,330-324-29
4948,330-328-11
2806,330-337-18
5505,330-431-03
4959,330-456-86
1317,330-457-02
3308,330-621-22
5329,330-652-93
4729,331-125-37
6291,331-152-14
6408,331-321-61
2557,331-377-18
1829,331-739-38
3083,331-941-05
1303,331-941-74
1045,332-228-97
6439,332-512-31
5661,332-669-15
3009,333-356-45
1156,333-380-46
1473,333-415-70
4939,333-477-33
3503,333-720-24
2293,334-001-55
4906,334-473-24
4476,334-675-25
5357,334-776-13
3348,334-959-49
5891,334-999-47
5450,335-224-72
1012,335-354-61
6279,335-358-90
4384,335-642-13
5885,335-704-34
3648,335-801-64
6293,335-835-35
3456,335-918-60
1612,335-953-92
4247,335-993-76
2652,336-127-92
5296,336-279-35
6440,336-416-54
2172,336-433-47
1760,336-547-65
3017,336-710-25
3998,337-028-85
3932,337-123-01
1330,337-166-04
4873,337-445-22
3563,337-845-09
6136,337-932-68
1363,338-034-68
5650,338-059-00
2795,338-226-90
2836,338-255-19
4114,338-327-24
5374,338-825-43
3351,338-964-49
6561,339-008-20
1135,339-092-35
3941,339-164-28
6525,339-229-70
2301,339-412-11
5175,339-556-81
4626,339-615-49
2842,339-642-61
1874,339-678-63
1124,339-833-02
6357,339-969-24
5058,340-018-13
5758,340-277-43
4073,340-378-48
3974,340-600-32
4735,340-752-91
1812,340-906-81
3015,341-098-47
6284,341-348-19
1438,341-376-73
1467,341-471-54
6301,341-552-28
4254,341-711-48
2803,341-755-02
5569,341-831-91
1452,341-959-97
4997,342-050-95
2881,342-177-02
1031,342-213-03
3754,342-316-54
1557,342-334-36
3200,342-524-65
4138,342-557-26
6544,342-663-51
3045,342-714-42
3639,342-757-54
6659,342-772-56
3171,342-794-81
4462,342-856-38
6156,342-876-54
4566,342-934-73
6599,343-106-75
4132,343-144-82
2664,343-201-94
6689,343-279-12
6513,343-354-04
2404,343-492-46
2658,343-627-99
3360,343-770-87
2382,344-068-30
1247,344-144-23
5873,344-207-42
3375,344-329-41
4144,344-415-25
6414,344-441-33
5663,344-479-82
6184,344-706-21
2065,344-920-66
5023,344-945-98
5435,344-979-22
4594,345-130-39
3178,345-324-38
4169,345-487-21
4553,345-488-60
5624,345-519-29
5673,345-524-19
5177,345-975-44
3493,346-262-91
6676,346-545-80
5069,346-583-20
6082,346-653-86
4721,346-762-96
5547,346-769-62
1212,346-796-70
3856,346-860-23
6263,346-904-00
3576,347-369-32
4442,347-391-07
5918,347-468-91
4889,347-471-06
3627,347-539-86
4067,347-730-19
2003,347-804-74
4877,348-120-17
3865,348-229-89
4167,348-299-39
5146,348-515-64
5993,348-694-13
2140,348-851-21
4177,348-973-95
1539,349-471-13
4436,349-917-99
3229,349-970-51
4182,349-990-96
4951,350-623-16
1355,350-647-43
4300,350-738-93
4820,350-749-90
1184,351-532-55
4924,351-541-96
2600,351-680-90
5056,352-171-06
1801,352-176-28
5126,352-428-73
2432,352-431-02
4151,352-555-95
4184,352-571-25
2415,352-744-48
5557,352-963-36
6268,353-239-28
3140,353-316-28
1742,353-705-84
6653,353-780-79
1249,353-807-35
3057,353-857-06
1664,353-932-18
4268,353-940-38
1377,354-012-44
2011,354-275-17
4698,354-307-10
6521,354-615-56
6508,354-822-01
3846,355-033-16
2637,355-211-05
4043,355-312-64
3021,355-378-08
2164,355-899-21
3633,355-995-35
2892,356-088-12
1694,356-227-76
1671,356-513-87
5800,356-725-90
4205,356-849-42
5006,356-939-07
3174,357-159-07
3155,357-259-59
1270,357-439-57
5491,357-448-19
5085,357-631-35
2521,357-655-55
2671,357-841-03
1489,358-321-59
2398,358-390-81
4348,358-659-34
2680,358-862-63
3663,359-223-78
6518,359-467-33
3770,359-467-50
4734,359-645-52
5787,359-653-77
6058,359-772-40
1077,359-881-52
5008,359-917-73
5160,359-984-48
4266,360-019-27
3897,360-800-26
2696,361-351-43
3439,361-520-31
5488,361-625-66
4953,361-797-11
3684,361-801-54
5703,361-956-71
5140,361-996-55
1316,362-165-92
6499,362-198-50
6202,362-300-91
3887,362-506-58
4351,362-641-26
2419,363-026-28
5418,363-386-66
3805,363-452-65
6062,363-621-09
5646,363-731-40
6694,364-046-59
3570,364-289-00
3607,364-437-20
4523,364-567-88
1808,364-681-84
5563,364-736-18
1199,364-814-85
2924,364-857-71
6343,364-993-47
5893,365-561-96
3638,365-686-44
2139,365-884-58
5737,366-133-94
5220,366-252-06
2117,366-308-71
4496,366-664-00
4229,366-727-60
4276,367-187-59
3780,367-215-37
3702,367-419-75
5060,367-764-36
1306,367-971-58
2272,368-357-13
6026,368-963-07
3696,368-970-77
2850,369-119-13
1640,369-427-93
2885,369-475-45
2537,369-774-64
2973,369-889-18
2905,369-937-68
3000,370-216-59
4933,370-545-10
3531,370-747-92
2536,370-858-54
3508,371-083-64
5759,371-295-73
1079,371-310-20
6369,371-640-80
2489,371-647-90
2826,371-801-37
5870,371-803-56
5897,371-820-77
2410,372-033-02
3024,372-092-37
6404,372-130-08
4290,372-176-56
6602,372-197-03
5305,372-891-69
6528,373-282-67
5196,373-455-44
4390,373-503-04
5068,374-065-66
1931,374-531-37
1765,374-863-48
3783,374-864-33
1951,374-899-38
3340,375-153-45
3871,375-483-74
2562,375-764-66
5766,376-088-82
1498,376-166-72
3824,376-472-30
1341,376-612-69
5983,377-325-37
2064,377-500-66
3534,377-715-54
2236,377-925-75
4009,378-104-07
5030,378-305-00
2278,378-346-44
1180,378-425-25
3884,378-520-15
2271,378-941-87
1349,379-445-66
3385,379-456-51
3322,379-546-74
3703,380-086-14
3608,380-424-97
1049,380-800-08
1373,380-825-76
4481,380-841-57
4700,380-939-90
4303,381-211-61
1089,381-242-56
5736,381-326-56
1466,381-347-30
5476,381-557-94
1292,381-697-43
1544,381-893-15
4352,382-154-95
2789,382-161-62
5523,382-302-60
6126,382-786-41
2857,383-092-13
1094,383-264-79
4471,383-317-87
1766,383-352-35
1390,383-391-88
3489,383-701-65
6646,384-215-87
5199,384-436-37
1437,384-477-91
3338,384-682-70
1352,384-744-41
1230,384-815-18
6364,384-847-07
3917,385-076-49
1376,385-111-69
2788,385-269-90
5844,385-304-18
5297,385-660-03
3080,385-690-15
4784,385-996-29
3828,386-349-49
3033,386-497-42
2332,386-635-26
1402,386-667-36
5148,386-806-91
1115,386-820-06
1044,386-837-27
4092,386-882-88
3031,386-896-37
6005,387-110-93
5651,387-181-58
2334,387-461-84
1268,387-479-03
4336,387-810-12
2380,387-912-35
5578,388-120-28
4011,388-276-95
6569,388-339-32
6708,388-469-72
6274,388-645-86
1970,388-688-57
3927,389-022-99
6641,389-288-50
4643,389-369-32
1185,389-493-65
1627,389-605-37
3662,390-111-44
3287,390-277-66
4659,390-485-88
4823,390-515-54
6056,390-674-82
3257,391-064-40
5510,391-377-85
3284,391-823-90
3471,391-890-18
4600,391-923-73
5967,391-925-10
2918,392-119-60
1726,392-372-50
6368,392-490-17
4701,392-716-95
4838,392-754-39
3514,393-019-91
1046,393-400-73
2253,393-460-63
6363,393-464-40
3146,393-733-98
6267,393-788-73
3993,393-805-56
5863,393-878-13
4866,393-902-39
4070,394-031-12
3095,394-162-21
3106,394-187-27
5618,394-820-76
2678,394-821-56
1849,395-267-35
3721,395-268-24
1028,395-371-93
1255,395-401-64
4478,395-521-15
6246,395-808-69
2130,395-941-26
3037,395-946-64
2699,395-968-10
1119,396-158-18
6113,396-190-80
1182,396-255-20
4840,396-293-77
1456,396-414-06
1266,396-718-51
3539,396-820-02
4293,396-955-40
2882,396-955-77
3407,397-131-74
6320,397-136-54
3276,397-265-87
4098,397-338-21
5076,397-401-48
1484,397-435-88
6024,397-737-73
5520,398-069-87
5999,398-398-21
4893,398-548-88
5463,398-802-90
4212,399-061-86
3088,399-236-18
3044,399-290-04
4912,399-443-08
4380,399-574-51
4214,399-664-59
6379,399-783-11
4119,399-953-83
3010,400-001-87
4005,400-296-98
4202,400-434-86
4452,400-559-55
6413,400-679-19
6239,400-721-02
3110,400-743-72
5669,401-341-54
6050,401-391-13
6027,401-593-57
4537,401-724-94
3787,401-863-28
4824,402-410-16
5845,402-515-84
6512,402-727-49
6618,402-798-40
6314,402-873-12
3741,402-985-21
1087,403-035-72
5145,403-273-15
1880,403-326-70
4730,403-339-71
5112,403-363-90
5620,403-562-36
6269,403-870-60
3150,403-987-77
6109,404-000-73
6080,404-394-97
4245,404-442-33
5167,404-486-45
6297,404-726-27
2283,404-728-44
6318,404-824-90
1591,405-092-38
2938,405-138-43
3012,405-220-53
4343,405-253-10
4090,405-498-50
2765,405-605-83
3934,405-622-64
2815,405-655-91
5589,405-720-69
1971,406-099-89
3166,406-155-35
3908,406-294-23
2573,406-295-69
2749,406-681-57
4757,406-855-03
2428,406-870-25
6482,407-077-08
5814,407-144-00
4662,407-334-71
3925,407-916-22
2019,407-924-54
3954,407-997-47
6527,408-097-29
2290,408-145-09
5368,408-311-01
1296,408-347-32
4971,408-406-66
2323,408-579-43
3668,408-696-94
5638,408-730-41
2634,409-086-43
5168,409-119-17
5534,409-729-02
2843,409-742-43
4127,409-938-28
1382,410-093-53
2330,410-094-49
5092,410-187-18
2677,410-370-44
4404,410-566-95
5129,411-067-41
5900,411-310-77
2435,411-410-36
3325,411-827-74
2413,412-220-51
4518,412-483-06
4929,412-611-90
2285,413-046-05
5590,413-160-39
6532,413-167-95
5660,413-443-61
2800,413-647-20
1689,413-944-89
1548,414-087-32
5942,414-327-73
5194,414-537-84
4239,414-657-97
1889,414-721-53
4724,414-741-39
5272,414-742-04
3764,414-808-98
4665,414-848-88
1933,414-947-75
4110,415-054-32
4790,415-111-18
3850,415-387-86
1954,415-601-57
5319,415-656-01
6657,415-682-49
2498,415-720-32
3212,416-207-63
1629,416-592-35
1753,416-650-17
1224,416-690-59
3833,416-736-43
2466,416-793-93
6206,416-914-79
5591,416-925-59
2106,416-948-31
1506,416-961-28
2701,417-149-46
2052,417-205-72
6555,417-218-18
6709,417-261-62
6570,417-555-90
1370,417-877-93
1892,417-966-36
4361,418-085-83
2614,418-105-54
3077,418-201-23
2033,418-462-43
2612,418-665-58
6688,418-838-62
1126,418-870-62
5051,419-309-92
2281,419-515-23
4372,419-538-24
5218,419-797-13
6392,419-841-62
1624,420-053-49
5526,420-475-06
2964,420-606-34
2485,420-689-81
3866,420-812-06
3292,420-832-22
5829,421-081-93
5508,421-082-80
4886,421-120-82
4227,421-209-20
2359,421-368-33
2679,421-387-17
4267,421-437-87
1622,421-451-21
2622,421-722-76
3952,421-726-30
1204,421-824-61
4931,421-835-13
2902,422-057-27
4025,422-225-73
4585,422-306-89
4897,422-310-07
5921,422-343-80
5996,422-420-30
4604,422-692-85
1283,422-775-45
5674,423-053-70
1083,423-061-84
4601,423-197-60
5143,423-328-14
6509,423-680-90
4818,423-778-62
3318,423-855-11
3116,423-856-05
4811,423-934-23
2032,423-943-05
1964,424-019-28
5579,424-019-31
1859,424-041-92
3880,424-042-53
2337,424-146-57
5245,424-291-42
2020,424-309-90
4896,424-644-59
5931,424-698-93
4704,425-016-79
5708,425-284-74
4833,425-378-24
4545,425-474-28
4688,425-542-14
4851,425-649-72
2167,425-768-87
4814,425-954-25
1497,426-201-64
5610,426-236-98
5458,426-696-36
2307,426-760-99
3666,426-844-96
2347,426-992-34
3232,427-209-35
1778,427-415-52
2194,427-564-64
5321,427-699-61
2156,427-769-94
4347,427-837-38
1835,427-941-89
4040,427-964-53
2352,428-296-27
1128,428-326-42
2782,428-340-04
2001,428-420-96
5049,428-485-23
6340,428-552-87
5059,428-701-57
2960,428-737-87
4483,429-044-78
6178,429-193-66
4318,429-267-66
3618,429-460-38
5174,429-542-48
6356,429-588-42
4216,429-601-66
4832,429-691-19
4422,429-813-18
2257,429-898-91
3177,429-966-06
6402,430-098-01
2191,430-495-58
5740,430-860-87
3999,431-565-10
1611,431-664-63
3406,431-704-12
4928,431-941-96
6478,431-945-60
3768,431-956-04
5189,432-112-59
4059,432-269-03
2854,432-434-99
6098,432-607-29
5746,432-736-32
1494,433-293-91
1710,433-297-05
5489,433-370-44
3791,433-519-78
3026,433-553-03
3176,433-705-11
6061,433-728-43
4077,434-004-31
2112,434-122-48
5643,434-131-60
2452,434-166-49
2349,434-189-33
6698,434-355-72
3468,434-484-20
2143,434-541-25
1646,434-590-19
1161,434-784-28
6664,434-872-48
5139,434-912-93
3389,435-071-06
1262,435-162-32
2295,435-178-08
3476,435-409-57
5427,435-430-84
1562,435-662-06
2631,435-752-00
1875,436-079-26
3452,436-363-73
4621,436-476-54
3935,436-651-71
4308,436-757-72
2724,437-421-29
6600,437-448-76
6280,437-590-12
4819,437-610-63
3567,437-812-95
4551,437-898-14
2061,437-982-57
6322,438-007-18
6540,438-240-87
1886,438-273-94
4104,438-452-32
4902,438-593-21
1943,438-720-74
3982,438-886-38
3028,439-192-95
5483,439-480-23
3686,439-502-91
3302,440-060-66
3329,440-070-89
4430,440-176-96
3163,440-243-32
4565,440-331-10
3739,440-438-49
6094,440-438-74
3216,440-486-25
3526,440-766-17
3975,440-854-43
5711,441-020-85
2876,441-100-01
3279,441-246-03
5405,441-524-72
4689,441-671-38
6620,441-990-31
4250,442-020-03
4637,442-097-90
1208,442-195-96
3238,442-314-04
4533,442-382-71
3665,442-560-68
4411,442-738-94
1799,442-745-65
1550,443-136-67
3090,443-517-72
6463,443-549-96
2993,443-797-45
3893,443-801-48
2698,444-185-36
5876,444-257-77
5183,444-486-97
4392,444-492-68
3902,444-535-17
5226,444-912-29
2189,444-946-37
2584,444-962-91
5289,444-969-47
1614,445-254-77
5964,445-603-06
5150,445-755-04
2343,445-789-82
2779,445-930-14
4887,445-966-69
3501,446-047-16
2487,446-242-98
1759,446-308-32
3159,446-552-28
3763,446-610-21
6313,446-676-11
4326,446-792-67
6038,446-835-25
2070,446-919-77
4369,447-054-51
2327,447-135-97
6636,447-512-24
6457,447-606-09
5833,447-615-99
1425,447-644-38
2578,447-749-86
5144,447-778-36
4034,447-808-59
6334,447-941-64
5524,448-213-67
6608,448-389-68
6251,448-415-58
5633,448-465-22
4883,449-010-38
1924,449-037-56
6128,449-184-46
6673,449-359-54
3845,449-655-55
5688,449-766-94
5543,449-827-17
6520,450-325-61
1418,450-727-34
6249,450-867-79
5246,451-022-55
4646,451-070-54
2616,451-467-43
4228,451-741-44
2226,452-156-87
3513,452-414-03
4060,452-552-49
1065,452-578-74
6416,452-710-93
3079,452-711-25
4913,452-906-50
5261,452-954-40
5974,453-286-92
4412,453-715-99
2109,453-870-89
1432,453-939-60
1528,454-100-68
5153,454-113-99
2282,454-159-78
2783,454-183-48
2203,454-296-72
5235,454-422-35
3039,454-462-26
3789,454-529-56
3195,454-651-68
2702,454-897-15
2927,454-967-81
5539,455-099-89
4455,455-341-77
2987,455-449-09
4685,455-678-24
6559,455-793-64
5947,455-828-68
5350,455-845-51
5480,456-032-76
3285,456-037-91
2089,456-224-87
3405,456-282-65
6073,456-529-86
2694,456-559-11
4963,456-774-80
1138,456-833-55
1662,456-864-58
3373,456-891-49
1902,457-275-26
6358,457-332-20
2700,457-703-39
1961,457-721-48
5686,457-727-33
4808,457-787-78
6629,457-908-28
5445,457-909-15
2515,458-062-01
6167,458-542-17
3755,458-793-84
3777,459-058-81
3928,459-403-82
1524,459-493-24
5706,459-692-72
1968,459-872-96
1035,459-898-08
2707,460-013-86
4712,460-145-10
2440,460-469-96
2035,460-638-22
3053,460-724-05
3074,460-866-45
5439,460-974-78
1245,461-062-12
1025,461-066-92
6020,461-189-33
3971,461-295-84
1417,461-657-18
3066,461-945-33
1905,462-071-76
3619,462-213-82
6142,462-756-11
4135,462-881-75
3772,463-168-38
5202,463-173-57
3205,463-279-54
3679,463-392-85
3152,463-405-75
2211,463-699-86
6566,463-744-40
3733,463-814-47
2659,464-120-40
5714,464-346-00
2870,464-397-80
2673,464-616-01
1959,464-777-21
5322,464-949-44
4709,465-022-99
5813,465-036-49
3642,465-171-44
2589,465-865-43
2079,465-935-38
4834,465-976-82
4062,466-014-69
5780,466-317-16
1110,466-330-20
3479,466-432-22
2374,466-617-70
1217,466-812-59
6162,467-125-01
5044,467-180-13
4370,467-206-35
3327,467-425-65
2100,467-461-65
3253,467-704-69
3275,468-238-31
2729,468-360-82
1773,468-425-17
1784,468-891-11
3423,468-971-41
2181,469-078-77
3262,469-279-59
1423,469-297-62
2647,469-374-26
6601,469-418-27
3022,469-804-80
2645,469-818-36
5805,470-096-08
1643,470-331-92
2179,470-372-86
6031,470-492-45
3183,470-492-48
6668,470-551-11
5283,470-800-44
6682,470-847-73
1722,471-285-91
3683,471-489-25
4194,471-669-84
5071,471-773-65
3457,472-195-32
5136,472-431-60
1752,472-577-86
6108,472-754-12
3038,472-822-19
4774,473-016-89
5157,473-091-16
6585,473-200-69
5866,473-406-12
5061,473-583-92
5846,473-592-22
6229,473-744-54
5834,474-409-05
2772,474-567-62
2230,474-658-68
4345,474-690-59
6567,474-743-29
5990,474-824-03
4871,475-493-96
5396,475-502-61
4038,475-523-67
1003,475-618-18
6697,475-822-68
4317,475-825-01
1010,475-902-34
2362,476-033-90
1705,476-078-37
1378,476-150-47
3018,476-184-17
2832,476-222-62
2747,476-528-48
5064,476-834-80
4502,477-029-82
1113,477-203-40
3957,477-417-93
1575,477-638-04
5016,477-722-30
2877,478-136-50
2646,478-172-34
4097,478-319-65
4261,478-363-92
1398,478-529-11
4623,478-808-78
2898,478-978-71
1361,479-041-93
6485,479-575-59
5394,479-590-22
3441,479-633-48
1397,479-831-24
4402,480-603-11
5440,480-998-62
2012,481-057-56
4969,481-138-15
4923,481-283-39
4627,481-306-14
4226,481-322-49
5779,481-505-09
3797,481-639-44
2274,481-844-43
6621,481-873-37
6500,482-046-08
3636,482-931-19
3051,483-068-88
6454,483-174-37
5631,483-349-63
6164,483-441-82
5101,483-546-83
2246,483-750-20
4803,483-795-33
5083,484-108-93
4826,484-373-43
3041,484-505-83
2335,484-573-76
6588,484-681-55
3599,484-868-41
2542,484-959-96
5920,485-117-05
1470,485-229-76
1050,485-291-42
4143,485-464-25
3892,485-511-29
1644,485-619-02
2266,485-742-10
4804,486-045-41
1062,486-138-85
5424,486-254-79
4446,486-478-33
4459,486-727-70
3529,486-921-45
6241,487-092-30
4908,487-353-33
2423,487-486-69
3800,487-821-35
4046,487-902-02
2097,488-218-30
3069,488-765-76
4722,488-843-62
4120,489-148-86
2136,489-330-35
5566,489-382-10
2737,489-427-92
5984,489-480-22
6085,489-523-41
2158,489-792-93
6057,489-797-88
5133,489-930-72
3645,490-101-85
1446,490-160-88
5451,490-543-86
4314,490-941-31
2316,491-337-10
2135,491-338-30
5276,491-763-98
6016,491-771-84
3693,491-925-40
1837,492-010-94
6299,492-429-46
2613,492-527-56
2464,492-596-79
4622,492-601-41
2919,492-634-21
4899,492-812-02
5045,492-885-12
3750,493-215-77
3328,493-388-91
1276,493-391-28
4323,493-527-73
2086,493-968-77
1148,494-096-33
3446,494-138-80
1254,494-278-07
2633,494-350-39
1602,494-480-94
6448,494-834-48
3822,494-857-84
6442,495-115-86
3418,495-328-59
5496,495-386-94
5546,495-446-07
5203,495-487-95
1264,495-532-16
1762,495-768-37
5187,495-862-41
1653,495-944-06
3852,495-964-83
2969,495-981-28
6258,496-097-07
4628,496-120-45
6130,496-328-81
3492,496-796-78
6148,497-048-69
3425,497-199-96
2152,497-556-46
1231,497-798-21
2971,497-971-14
4045,498-072-10
1863,498-339-75
1962,498-367-73
5086,499-313-21
2992,499-508-30
3185,499-701-92
4916,500-227-74
5484,500-544-11
5755,500-563-53
4556,500-654-29
1477,500-779-99
5404,500-904-90
2736,500-925-72
5082,501-236-75
3384,501-590-78
6129,502-205-26
4498,502-279-21
3187,502-532-11
6186,502-626-32
1476,502-794-12
6253,502-800-33
6693,503-014-41
3421,503-123-86
5422,503-125-64
4129,503-298-99
5525,503-373-04
5123,503-816-38
5941,503-863-81
1172,503-972-37
1913,504-120-43
3148,504-181-66
3388,504-236-50
3194,504-300-44
2391,504-357-47
5015,504-462-68
3626,504-557-63
5437,504-691-83
1929,504-824-59
4731,504-925-81
1788,505-276-03
2880,505-446-63
5683,505-579-41
3804,505-597-73
5506,505-964-87
3844,506-060-71
3048,506-164-40
6510,506-168-60
2866,506-260-18
4989,506-393-08
1290,506-643-61
5449,506-911-90
3630,506-920-31
4280,507-092-36
2997,507-182-26
2444,507-241-89
3115,507-514-86
4178,507-955-86
1712,508-011-51
5342,508-127-46
5868,508-172-37
3100,508-702-65
2132,508-799-53
1174,508-820-66
5997,508-854-68
3186,508-981-70
2346,509-022-56
3623,509-081-60
4528,509-282-81
5696,509-406-58
5654,509-540-39
2979,509-680-27
5729,509-680-54
3821,509-730-47
6497,510-121-50
2383,510-185-31
2206,510-259-64
3953,510-309-01
2071,510-412-84
2369,510-611-09
1994,510-645-18
4961,510-745-55
2710,510-786-06
2512,510-901-35
3386,511-183-05
6118,511-331-50
3170,511-779-02
2531,512-008-80
5239,512-282-02
2231,512-623-17
1584,512-766-84
5264,512-891-74
2817,513-006-95
2365,513-653-38
5237,514-197-61
3851,514-382-33
4668,514-427-19
3403,514-552-30
3796,514-593-45
3869,514-651-72
4294,514-751-82
5284,514-761-97
5275,515-031-18
2247,515-081-90
4376,515-165-60
1183,515-557-18
3239,515-630-87
5029,515-855-03
5699,516-048-25
1949,516-248-48
3198,516-266-75
5622,516-287-41
6092,516-447-00
1280,516-469-79
3124,516-507-02
3758,516-672-49
2624,516-774-19
4039,516-887-23
4017,516-894-12
1780,517-005-51
6010,517-238-89
1904,517-254-25
4690,517-432-15
5932,517-772-53
3191,517-963-46
4181,518-204-42
2688,518-385-38
6597,518-408-67
5726,518-508-04
3354,518-709-70
3165,519-238-37
3215,519-346-99
2942,519-438-15
1884,519-769-39
5642,519-833-91
5797,519-843-45
4776,519-860-20
1145,520-172-36
2138,520-284-71
1533,520-473-95
1787,520-527-91
6075,520-714-27
4225,520-740-50
4950,520-859-68
1738,520-974-19
4015,521-315-86
1724,521-569-86
6329,521-629-36
1979,521-692-24
5301,522-229-06
3970,522-354-38
5611,522-487-54
5960,522-751-04
3769,522-891-79
4829,522-942-23
5052,523-103-66
5790,523-275-11
2482,523-388-11
1659,523-495-25
4320,523-523-11
4805,523-533-27
2799,523-548-51
1116,524-349-32
6337,524-357-57
6043,524-371-78
5647,524-658-12
4752,524-669-56
6289,524-691-48
2066,525-007-67
3652,525-179-53
5279,525-257-42
1430,525-652-76
6213,526-168-71
5769,526-321-84
6701,526-341-00
1696,526-531-14
3808,526-554-83
2538,526-975-14
6151,527-486-05
1256,527-503-55
6445,527-547-24
5432,527-688-72
6077,527-766-68
5857,527-780-00
4935,528-031-87
2656,528-278-73
6245,528-397-03
1450,528-409-37
5426,528-412-97
2005,528-623-74
5930,528-752-16
3316,528-833-56
5640,529-002-45
3046,529-068-10
1847,529-129-35
4255,529-447-30
5909,529-501-60
3184,529-603-20
5307,529-693-28
1982,529-863-01
4460,529-977-36
5280,530-077-80
2459,530-250-54
6717,530-381-51
5372,530-577-17
1422,530-693-29
4486,530-873-29
2636,530-951-04
5587,531-530-67
5860,531-715-42
3307,531-884-95
4288,532-046-49
6481,532-053-44
3583,532-377-87
2908,532-709-43
3466,532-775-63
5028,533-003-03
1582,533-613-66
4473,533-737-25
4386,533-885-52
5836,534-133-53
5361,534-222-57
1187,534-322-25
5704,534-487-85
1200,534-737-72
2915,534-911-55
5224,535-002-70
4419,535-004-54
4339,535-099-66
6710,535-234-55
1797,535-353-20
3584,535-385-20
1845,535-457-68
2683,535-512-74
6344,535-694-04
5772,535-760-22
6331,535-945-23
2324,536-448-38
2372,536-657-69
6700,536-714-43
2390,536-807-56
1641,536-921-84
5410,536-975-78
2408,537-025-02
5019,537-187-89
2350,537-778-71
3109,537-857-38
6718,537-903-89
1499,538-000-00
2351,538-106-62
3349,538-459-47
1761,538-724-74
3383,538-822-83
1357,538-913-87
2131,539-046-75
4296,539-390-54
5677,539-463-45
1574,539-494-56
1596,539-541-03
2819,539-655-26
6398,539-796-71
6353,539-857-77
3704,540-024-80
3611,540-082-49
5485,540-159-73
1781,540-391-03
1960,541-189-15
2676,541-196-40
5171,541-242-52
4807,541-665-72
3294,541-764-94
3991,541-905-36
1343,542-028-18
1986,542-058-85
1076,542-158-14
5502,542-192-64
3399,542-198-77
1147,542-215-30
1840,542-332-38
6135,542-446-38
1927,542-992-75
3847,543-221-16
2015,543-327-14
2848,543-355-10
6604,543-773-50
3723,543-801-86
6472,544-114-42
6680,544-184-18
4557,544-349-93
1440,545-251-51
2024,545-306-70
6429,545-434-60
1965,545-435-81
2320,545-618-17
5923,545-844-10
2240,546-028-73
6292,546-134-43
2462,546-219-77
3397,546-290-58
6466,546-463-72
5024,546-619-09
6721,546-643-60
6431,546-760-73
5124,546-810-70
5398,547-084-54
6487,547-224-52
2379,547-335-72
4583,547-429-47
4171,547-502-97
1930,547-556-86
3277,547-828-90
5575,547-865-97
5219,547-886-72
2669,547-900-99
5940,548-140-35
3559,548-204-48
1511,548-225-03
1114,548-358-07
6257,548-398-71
1188,548-463-19
6275,548-803-35
4960,548-951-58
5540,549-014-80
2325,549-417-95
2212,549-436-29
4995,549-607-22
6044,549-720-07
3117,549-922-97
2640,549-977-86
2242,550-225-12
1236,550-271-80
3600,550-404-39
2286,550-567-31
3729,551-145-89
1047,551-188-71
2913,551-325-65
6552,551-442-48
2516,551-966-31
5776,552-021-50
5258,552-021-52
3306,552-142-27
2461,552-561-66
3005,552-654-59
6232,552-739-24
5351,552-845-13
6465,552-899-00
2796,553-193-56
1946,553-251-18
5193,553-347-06
5053,553-553-72
3254,554-236-15
5004,554-436-23
5771,554-438-10
2641,554-455-17
3519,554-662-57
3517,554-757-05
2219,555-007-83
5395,555-021-33
1714,555-174-78
6347,555-333-83
1206,555-536-80
2525,555-614-61
6203,555-787-05
4004,555-841-23
1860,555-888-19
2607,556-088-15
3234,556-131-84
6609,556-145-01
2017,556-167-61
2740,556-225-97
2142,556-283-62
4810,556-323-32
2442,556-329-55
5511,556-402-35
3936,556-454-82
1720,556-470-62
1337,556-511-86
3461,556-708-37
5827,557-106-04
3979,557-128-19
6505,557-149-97
6427,557-242-45
1298,557-245-48
3775,557-414-95
6691,557-611-22
5641,557-717-75
6149,557-747-96
6575,557-992-31
4578,558-043-64
6396,558-070-45
1571,558-208-47
1877,558-447-83
5373,558-708-23
4341,558-716-56
5299,558-812-66
3450,558-824-16
3621,558-897-77
3715,558-914-86
3326,559-079-26
5911,559-367-72
1804,559-511-89
1636,559-529-53
6677,559-535-62
5042,559-593-97
1861,559-737-87
4063,559-820-48
1366,560-349-41
2221,560-385-53
4244,560-769-01
6484,560-797-58
4153,560-912-01
3898,560-913-36
1729,560-934-96
6088,561-080-42
3962,561-104-66
3727,561-194-10
5197,561-288-50
1329,561-406-00
2159,561-508-56
4934,561-833-10
3823,561-873-11
6105,561-953-05
2044,562-100-49
3225,562-299-15
2217,562-334-09
4976,562-460-71
4418,562-629-08
6181,562-662-92
3434,562-785-50
4764,562-792-31
2825,562-911-59
1563,562-925-63
4359,563-061-18
1515,563-087-04
6558,563-338-73
6262,563-654-66
5822,563-685-48
4940,563-795-69
6259,563-915-09
3602,564-195-50
5786,564-331-86
3210,564-388-02
4150,564-408-78
5529,564-604-49
5763,564-782-46
4306,564-963-78
3104,564-987-67
2642,564-998-25
3561,565-375-02
2265,565-567-04
6704,565-980-08
3226,566-020-05
6667,566-090-94
2060,566-205-86
3463,566-229-98
4781,566-349-47
3610,566-885-88
5935,567-062-33
3120,567-414-24
1085,567-443-15
1536,567-737-38
2541,567-804-48
1463,567-972-20
3060,568-073-31
5240,568-343-78
4157,568-361-75
3168,568-379-53
1564,568-520-25
1468,568-650-31
5384,568-926-26
1060,569-042-40
6354,569-272-22
5847,569-318-85
1239,569-429-40
1621,569-437-80
6033,569-593-09
3506,569-720-83
6539,570-046-80
1453,570-060-34
3224,570-614-25
6376,570-932-98
3245,570-984-22
6400,571-091-85
1399,571-131-17
2504,571-607-86
6419,571-720-10
5363,571-787-75
1741,572-090-32
3803,572-128-95
2361,572-337-95
6524,572-399-63
1419,572-440-12
5727,572-450-40
2651,572-752-82
6163,572-828-94
3726,572-912-87
3447,573-533-75
2418,573-649-92
6378,573-861-09
3001,574-099-39
4846,574-335-63
2345,574-337-34
1852,574-577-00
1491,574-818-14
4480,575-106-62
2455,575-254-00
4041,575-690-23
2813,575-742-81
4577,575-769-39
4141,575-981-86
4987,576-076-64
2411,576-434-27
4499,576-462-31
4717,576-865-95
3992,577-259-29
2894,577-360-48
2820,577-856-64
2752,577-873-95
6488,577-924-32
2084,578-206-87
4519,578-398-98
2458,578-518-98
1336,578-871-89
3767,578-987-41
6366,579-287-91
1545,579-320-01
4858,579-429-11
3801,579-472-04
1725,579-776-25
6212,579-855-99
6093,579-970-05
1723,580-385-65
2173,580-411-92
2561,580-454-53
3922,580-726-59
3097,580-832-37
2873,580-949-83
2367,581-004-88
1216,581-116-14
4640,581-125-60
4642,581-237-53
2074,581-444-78
4517,581-477-83
3270,581-673-52
4007,581-991-00
3548,582-138-67
5531,582-211-26
3655,582-412-10
5831,582-451-78
5782,582-574-20
1455,582-730-18
2594,582-869-91
6615,582-896-14
2119,583-278-01
5518,583-355-00
4395,583-563-99
6372,583-670-21
6048,583-693-61
3111,583-799-73
5156,583-947-33
5953,584-036-74
2592,584-274-66
6411,584-283-08
1841,584-493-74
2322,584-618-34
6185,584-755-45
5455,585-120-47
5113,585-282-85
5431,585-285-23
4980,585-548-24
4529,585-658-27
2916,585-762-71
6122,585-832-89
1389,585-861-55
5907,585-876-01
2453,585-994-68
1095,585-997-31
5558,586-131-08
6373,586-503-52
1538,586-525-89
6577,586-659-10
5513,586-767-12
1407,586-886-02
2794,586-914-30
5925,587-586-63
4861,587-761-41
2261,587-946-41
5605,587-994-35
4222,587-997-09
3427,588-091-61
5474,588-278-31
6389,588-429-85
3091,588-454-49
1241,588-694-68
6647,588-745-12
4760,588-886-18
4761,589-078-60
1734,589-257-32
2901,589-466-66
5735,589-556-46
4860,589-604-85
3138,589-610-47
3798,589-946-51
1105,590-065-73
4118,590-201-50
5555,590-381-05
2996,590-475-17
1815,590-714-79
3688,590-723-91
3862,591-364-70
5391,591-820-63
3331,591-966-08
1081,591-971-28
4315,591-975-64
5994,592-171-95
5799,592-229-75
1359,592-398-21
1866,592-400-26
2632,592-865-10
1754,592-953-83
2063,593-060-73
2438,593-468-03
5644,593-500-95
4429,594-328-73
6233,594-896-36
6538,594-942-38
4644,595-046-00
6204,595-126-17
2558,595-221-06
2884,595-238-11
4337,595-587-17
5884,595-713-72
4230,595-765-97
3497,595-789-86
5347,596-004-02
4538,596-131-98
1414,596-321-50
4338,596-518-09
6131,596-704-69
1237,596-730-96
1746,596-817-14
6123,596-849-02
6295,597-118-94
3298,597-310-00
5080,597-332-02
3708,597-591-66
2395,597-599-60
4008,597-733-52
1791,597-795-55
3236,597-836-00
1011,598-218-01
2989,598-351-74
6652,598-390-23
4400,598-645-93
3900,598-692-12
1088,598-901-88
4028,598-926-52
2953,598-934-76
3252,598-939-02
4513,599-449-20
5472,599-710-29
2115,600-051-24
4340,600-204-62
6283,600-262-85
5598,600-280-94
6678,600-352-38
1748,600-381-83
3369,600-409-17
1284,600-715-42
1130,600-776-29
2331,600-807-68
6006,601-267-05
3054,601-352-86
3162,601-411-33
2948,601-539-48
3537,602-060-19
3912,602-185-44
6574,602-356-99
3681,602-526-43
1013,602-599-91
4420,603-137-35
4050,603-509-89
1882,603-650-78
5191,603-657-32
2609,603-884-87
3883,604-311-22
3158,604-362-80
6350,604-494-80
4799,604-520-64
5653,604-558-30
5399,605-121-57
1190,605-310-10
4403,605-395-70
4773,605-547-36
6146,605-974-88
2977,606-325-92
6622,606-468-43
5504,606-570-76
5434,606-949-44
6228,606-989-87
3774,607-395-78
2476,607-396-09
3370,607-685-95
5612,607-761-18
2471,607-907-36
1898,608-084-22
4965,608-277-63
4401,608-630-22
3491,608-713-03
6264,608-742-93
1744,608-909-81
2522,608-969-89
6541,609-015-17
5013,609-016-17
2056,609-106-95
1594,609-177-68
4966,609-207-06
4745,609-307-17
1667,609-526-10
4879,609-680-97
6300,610-045-98
5416,610-092-69
4952,610-118-36
4056,610-351-40
1001,610-441-51
3213,610-581-04
5443,610-894-07
6177,610-960-10
2961,611-019-32
4508,611-181-44
1792,611-273-41
6316,611-606-81
3553,611-619-79
1708,612-128-70
3482,612-344-89
4758,612-400-16
2029,612-536-49
5281,612-581-38
2895,613-127-73
6377,613-193-91
1365,613-259-34
4910,613-298-84
1883,613-327-87
3345,613-425-31
1912,613-557-52
4258,613-647-99
2809,613-731-96
1776,613-865-51
4224,614-743-25
3353,615-027-95
6679,615-082-28
3958,615-224-51
4865,615-299-63
1598,615-393-92
3401,615-470-66
5606,615-702-82
2721,615-874-14
1782,615-922-92
2002,616-379-40
1567,616-617-21
6341,616-712-59
6216,616-726-15
1229,616-731-24
5664,616-843-24
3076,616-856-64
5733,616-894-16
5456,616-917-98
3235,617-023-59
6625,617-237-28
5739,617-304-14
3839,617-393-82
3920,617-542-70
2615,617-652-58
6352,617-806-46
2798,617-851-83
2974,617-861-29
4926,617-997-95
2200,618-144-87
2883,618-676-91
1507,618-693-85
2840,618-738-05
6102,618-743-18
5054,618-750-81
2241,618-821-28
6051,618-826-90
2583,618-881-78
1668,618-963-54
5161,619-108-86
1934,619-313-62
4291,619-501-61
1321,619-525-02
6200,619-664-17
2057,619-692-67
5672,619-778-80
5335,619-876-11
3096,619-897-51
2101,619-922-26
5201,620-285-98
6041,620-529-13
6265,620-705-50
5079,620-926-90
6256,620-939-76
5869,620-942-16
5215,620-958-10
2481,621-002-52
2548,621-032-89
1020,621-515-45
5356,621-793-41
1055,621-834-34
6055,621-972-94
6674,622-190-08
4329,622-246-84
2833,622-387-19
1576,622-815-62
3343,622-819-01
1552,622-952-15
4613,623-336-14
1179,623-376-83
6503,623-398-18
3963,623-430-18
6634,623-465-67
6417,623-699-88
4491,623-783-37
1315,623-841-81
2082,623-893-67
2623,624-344-59
1592,624-650-48
1747,625-220-36
5223,625-245-45
1149,625-483-92
5037,625-485-89
6568,625-549-28
5560,625-657-61
6578,625-768-87
4360,625-819-77
1166,625-879-02
4233,625-915-89
4618,625-978-92
2062,626-034-93
2182,626-446-99
3242,626-899-19
6345,626-964-60
1333,627-136-00
1250,627-187-80
5323,627-441-74
2129,627-635-47
4492,627-802-16
3072,627-923-16
1371,627-943-50
1267,628-153-34
5402,628-247-60
5756,628-331-19
4238,628-960-44
5349,629-239-58
5613,629-249-68
3646,629-358-20
1523,629-487-64
3620,629-624-83
1155,630-077-60
1810,630-316-58
2595,630-533-65
4512,630-744-82
4433,630-766-65
5331,630-930-96
3757,631-001-80
5853,631-157-97
3462,631-361-19
6706,632-018-40
2862,632-019-39
6654,632-319-88
1406,632-359-56
4123,632-609-99
5668,632-702-68
5871,633-237-09
3035,633-485-37
3073,633-539-49
6560,633-557-53
2425,634-064-27
2406,634-275-77
5181,634-399-32
2184,634-439-39
3817,634-826-54
4096,634-933-86
3244,634-938-63
5020,635-188-66
5896,635-277-86
4232,635-301-81
2273,635-384-51
1669,635-399-48
4716,635-461-62
2739,635-508-28
5420,635-519-05
4942,635-587-53
2863,636-062-90
6475,636-548-79
5630,636-630-87
3776,636-678-23
5700,636-831-19
2090,637-190-29
1510,637-276-35
3231,637-361-63
2686,637-581-76
4413,637-638-28
6079,637-735-75
3810,637-990-22
1749,638-042-05
4841,638-046-86
2859,638-121-62
1434,638-427-87
1821,638-453-78
3643,638-611-04
4854,638-837-58
4262,638-845-12
5753,638-887-73
4140,638-954-53
1922,638-988-40
5003,638-994-58
6011,639-002-49
3219,639-092-01
3364,639-367-33
2643,639-721-42
5752,639-875-71
4217,639-883-43
1410,639-971-05
5913,639-985-32
2028,640-011-71
4166,640-044-93
6550,640-078-54
4449,640-102-44
5939,640-192-72
4609,640-380-37
6536,640-394-59
4711,640-751-29
4398,640-880-31
1660,641-424-33
4831,641-928-17
1009,642-157-06
3192,642-764-80
5234,642-896-35
4994,642-968-08
3637,643-353-75
1736,643-605-63
6504,643-671-71
3773,643-734-35
3535,643-788-77
3945,643-824-23
4772,643-894-52
4010,643-942-92
1745,644-010-59
4918,644-034-06
3605,644-082-92
3233,644-145-30
3431,644-166-95
3098,644-210-87
1493,644-214-65
5278,644-306-66
4932,644-336-88
3062,644-518-69
2869,644-729-01
2431,644-808-27
4218,644-875-85
4251,645-031-15
5670,645-275-30
5103,645-875-10
2697,645-890-69
2921,646-059-87
3682,646-145-24
6286,646-179-63
5268,646-325-07
4124,646-325-13
6139,646-446-15
1451,646-524-40
4563,646-596-55
1958,646-653-80
5549,646-732-98
6595,647-036-45
1586,647-454-80
1445,647-651-19
5632,647-656-30
1401,648-031-25
6047,648-943-86
4968,648-957-07
5883,648-994-36
6401,649-110-91
5889,649-240-56
6437,649-241-65
3585,649-614-19
2946,649-664-69
4252,649-735-47
4539,649-752-79
6421,649-958-47
6543,650-064-26
2849,650-074-40
4708,650-326-10
4453,650-402-34
5090,650-540-26
4286,650-600-57
6207,650-678-42
4839,650-763-78
2959,650-781-65
1431,650-883-67
1919,650-902-72
2401,651-131-96
6078,651-334-52
4210,651-513-61
6384,651-679-50
5452,651-747-61
4771,652-209-20
5251,652-521-34
2207,652-626-21
4421,652-847-90
2490,653-183-65
3632,653-203-40
6273,653-425-40
4234,653-464-42
2576,653-811-70
5114,654-292-20
4917,654-395-87
3976,654-464-59
6619,654-470-83
2907,654-473-15
1992,654-529-63
1282,654-626-20
1656,654-630-96
3707,654-763-69
2013,654-775-84
6684,654-818-14
3680,654-888-10
2814,655-187-94
6596,655-439-51
1984,655-801-90
1967,655-816-03
3290,656-453-10
6196,656-528-23
5221,656-779-65
3870,656-813-60
1448,657-088-11
2719,657-239-37
1244,657-395-94
3458,657-455-09
5728,657-492-33
4737,657-904-93
4713,657-927-32
3481,658-434-96
2511,658-460-78
5659,658-536-68
3911,658-597-66
4958,658-774-16
5172,658-792-34
5980,658-847-96
6623,658-874-97
4269,658-940-95
4309,659-188-87
1328,659-189-03
2386,659-239-84
1265,659-384-80
6514,659-584-61
4497,660-561-65
3063,660-599-66
1416,660-832-20
5970,661-483-99
2238,661-512-06
4880,661-606-44
4795,661-842-63
5135,662-150-66
2518,662-207-13
5311,662-258-18
3595,662-491-87
2778,662-526-77
1475,662-597-18
2192,662-634-80
5616,662-670-75
1381,662-872-39
6579,662-881-32
5788,663-094-10
1259,663-692-55
6548,663-800-76
2585,664-436-15
1599,664-478-55
1257,664-603-49
5324,664-776-68
3428,664-809-95
5217,664-952-88
3634,664-992-79
6119,665-078-01
3013,665-450-58
5817,665-484-76
4263,665-745-64
1313,666-157-09
3122,666-605-52
6226,666-740-90
1351,666-844-60
5621,666-904-39
2829,667-099-41
1690,667-379-81
6160,667-624-86
5545,667-715-96
6278,667-719-34
5954,667-943-02
4559,668-068-53
4044,668-078-00
2204,668-281-83
2791,668-643-41
3532,668-920-80
3878,668-950-16
2376,669-151-61
1635,669-249-92
4982,669-317-12
2582,669-396-52
3942,669-565-02
4198,669-641-96
3977,669-706-48
5565,669-726-32
2828,669-922-60
5014,670-162-29
4325,670-195-41
1488,670-557-61
6042,670-928-09
1756,670-958-25
2153,670-970-25
4751,671-396-05
1309,671-775-85
4377,671-890-94
2939,672-061-61
2780,672-204-73
1547,672-771-99
5032,672-805-84
5835,673-377-99
2262,673-584-24
2457,674-110-54
6220,674-179-11
5634,674-553-59
2655,674-963-57
1387,675-099-25
1261,675-112-01
3333,675-321-79
5904,675-643-78
5764,676-158-62
3092,676-223-76
4435,676-224-85
6412,676-950-31
4849,677-226-52
5182,677-575-61
1107,677-833-91
3156,677-846-48
2566,678-089-85
4173,678-243-77
6029,678-497-26
4099,678-647-02
5001,678-671-30
5072,679-014-21
1613,679-279-22
3488,679-303-66
4494,679-303-72
2448,679-630-94
5679,680-063-79
1820,680-252-81
1263,680-261-05
1293,680-474-33
5471,680-578-69
1015,680-611-25
3426,680-702-38
2757,680-754-15
1350,680-834-54
3515,681-062-86
1604,681-207-33
4305,681-611-31
1811,681-626-57
2394,681-771-08
3807,681-908-67
1218,682-020-25
4147,682-047-54
4515,682-079-07
1394,682-132-58
2860,682-376-83
3672,682-617-98
6187,682-625-07
4128,683-037-39
3588,683-208-20
3830,683-291-49
4981,683-493-68
5859,683-501-10
6084,683-662-88
5720,683-821-28
3905,684-155-61
3075,684-238-60
2550,684-260-42
4681,684-274-20
5406,684-282-31
6191,684-480-83
1817,684-565-49
2269,684-823-58
6666,685-138-06
1122,685-244-27
3023,685-522-69
6104,685-707-28
5959,686-142-22
2072,686-178-36
5968,686-323-65
3841,686-655-86
6564,687-152-61
3581,687-318-52
5341,687-337-63
6276,687-510-74
3617,687-563-35
5794,687-723-84
5466,687-728-21
2378,688-340-17
6004,688-548-69
3085,688-577-83
6171,688-777-37
1308,688-814-72
5195,688-851-48
2118,688-918-51
2280,689-025-76
2034,689-256-63
6662,689-644-20
1120,689-861-95
5338,690-210-26
4543,690-694-53
4102,690-729-77
1950,690-819-42
4718,690-917-91
5346,691-253-02
1520,691-347-87
6089,691-669-51
5802,691-698-95
4573,691-745-55
4298,691-825-11
3745,691-828-08
3286,691-911-64
4905,692-263-10
2786,692-366-00
1033,692-592-69
1073,692-798-38
6013,692-900-25
1740,693-108-08
4947,693-125-76
1940,693-175-10
1717,693-231-61
5573,693-296-73
1354,693-402-19
2528,693-441-46
6515,693-816-89
5486,693-954-22
2340,694-204-37
2377,694-233-63
2534,694-461-36
5571,695-008-86
5567,695-016-91
4259,695-073-20
1165,695-275-95
2201,695-389-80
4610,695-830-78
3960,696-133-36
5326,697-045-71
5625,697-175-78
5318,697-184-94
1786,697-194-26
4881,697-284-55
5295,697-340-74
5214,697-347-05
4287,697-876-08
4656,698-029-68
6394,698-122-44
1985,698-133-08
2991,698-203-55
4510,698-207-27
2157,698-524-46
4786,698-554-16
5448,698-610-12
1555,698-653-89
3778,698-748-76
1505,698-816-95
4915,698-895-79
3494,699-583-70
5875,699-674-15
5048,700-067-56
3701,700-257-15
4241,700-429-49
3243,700-781-21
3366,700-924-79
6117,700-973-82
5507,701-323-02
1345,701-723-82
4678,701-901-15
3924,702-033-86
3582,702-265-07
6671,702-467-15
5429,702-497-50
1299,702-773-99
1324,703-117-75
4546,703-288-52
4998,703-375-27
3414,703-381-72
4754,703-502-49
5721,703-524-32
3736,703-684-99
4867,703-747-12
1987,703-827-30
1186,703-991-05
3855,704-207-60
1078,704-309-55
4075,704-341-59
4591,704-472-90
4091,704-695-27
5851,704-903-34
4767,704-972-64
5247,705-314-29
2042,705-481-74
1221,705-577-41
2047,705-750-09
2297,706-312-98
2768,706-562-47
5678,706-581-76
2218,706-653-72
1054,707-345-50
5306,707-442-35
1032,707-678-34
2046,708-007-64
2491,708-045-40
2038,708-105-90
3003,708-172-65
4907,708-390-94
2501,708-439-56
6534,709-034-70
6562,709-270-79
1650,709-776-12
2568,709-781-52
1923,710-106-09
1154,710-110-28
1222,710-174-10
2976,710-525-17
5528,710-728-81
2603,710-854-36
4133,711-004-48
3404,711-368-20
5501,711-403-76
3220,711-450-01
6385,711-566-66
4180,711-939-59
6471,711-985-47
3740,712-076-97
5067,712-477-59
1319,712-527-74
5425,712-561-98
2168,712-568-03
1201,712-723-00
1995,712-740-96
3748,712-810-42
1356,712-925-13
3973,713-302-14
5793,713-820-89
4878,713-839-85
3827,713-851-49
1331,713-854-31
1739,714-283-56
5544,714-502-77
4299,714-619-12
3551,714-837-37
4625,714-894-26
4552,714-960-17
3868,715-019-61
5188,715-183-83
6516,715-248-45
6498,715-447-62
4927,715-512-07
4328,715-620-70
4673,715-733-48
2235,716-094-38
4785,716-155-48
4848,716-510-61
4720,716-563-82
6336,716-700-72
5749,716-726-08
2008,716-737-01
6009,716-798-86
5074,716-847-73
2620,716-928-96
6607,717-047-86
4954,717-054-41
3956,717-251-40
1391,717-265-04
5809,717-422-48
3882,717-447-55
2596,717-460-38
1435,717-678-20
4651,717-715-16
6712,717-843-53
1719,717-910-61
4389,718-014-02
4363,718-018-21
5929,718-162-71
1945,718-809-20
3181,718-978-23
3412,719-053-31
1286,719-087-13
6591,719-157-41
4223,719-236-86
2161,719-458-07
1583,719-496-07
1346,719-497-37
1215,719-669-84
3180,719-830-60
3323,719-910-20
4035,720-694-55
3574,720-854-04
3986,720-905-51
5057,721-126-30
2075,721-511-48
4111,721-861-11
6651,722-219-32
4322,722-492-97
2690,722-654-46
5937,722-985-03
5252,723-267-44
3556,723-454-00
4000,723-776-34
4590,723-954-93
3650,724-227-38
6464,724-386-04
2725,724-404-21
3990,724-500-77
5242,724-524-65
5292,724-531-47
1048,724-561-97
1789,724-654-65
1220,724-755-06
3201,724-771-74
1117,725-060-34
5781,725-305-68
3241,725-312-94
6235,725-549-95
6592,725-650-81
5469,725-685-24
4739,725-901-28
4477,725-952-42
4289,726-012-89
1830,726-170-60
1911,726-332-56
4666,726-461-38
5962,726-531-48
5592,726-535-94
2943,726-555-78
6399,726-556-30
3544,726-682-99
6306,726-903-74
6681,727-038-35
2835,727-114-22
4882,727-162-31
4911,727-184-93
1029,727-196-16
2730,727-302-14
3717,727-523-17
2693,727-876-14
1213,728-005-73
3341,728-357-43
1234,728-384-77
2929,728-506-85
2975,728-509-64
3093,728-532-14
2625,728-542-79
6116,728-653-75
5744,728-762-56
6590,729-266-99
6325,730-165-97
5701,730-192-86
6045,730-443-33
5208,730-462-28
2054,730-712-31
3533,730-742-30
2123,730-788-07
6150,730-918-21
5075,730-975-26
1191,731-102-00
6444,731-547-74
2497,731-709-78
6415,731-745-84
3070,731-894-66
6285,732-136-96
5163,732-194-00
1525,732-866-59
5978,732-943-88
2329,733-004-11
5694,733-050-55
3089,733-559-83
2705,733-569-97
6261,733-694-93
4570,733-760-54
2004,733-947-28
5468,734-221-04
2213,734-412-76
1713,734-465-37
2852,734-649-36
5294,734-997-28
2333,735-007-89
1715,735-113-50
1543,735-222-57
4620,735-244-88
1006,735-292-75
3524,735-313-67
6195,735-393-37
2441,735-480-48
5108,735-545-31
5104,735-655-17
3400,735-922-49
3545,735-929-02
3136,736-470-11
4957,736-537-37
4274,736-553-41
5300,736-813-14
3860,737-206-34
3587,737-243-53
6266,737-404-00
6332,738-453-00
3190,738-615-20
2597,738-789-44
4434,738-918-84
4972,739-109-63
3834,739-261-48
5761,739-279-73
1457,739-282-50
3886,739-347-99
6302,739-540-04
4582,739-611-79
4190,739-614-07
5216,739-625-51
3837,739-745-48
1593,740-017-24
5125,740-279-45
1683,740-503-38
6436,740-507-07
4782,740-559-95
2318,741-078-81
3504,741-204-02
4736,741-261-44
3365,741-297-02
6452,741-376-32
3303,741-479-83
3114,741-530-89
3743,741-682-26
4170,741-790-67
6365,741-834-85
2110,741-836-17
1623,741-894-87
4156,741-969-59
2805,742-111-15
5995,742-186-53
2660,742-491-57
4281,742-722-40
3374,742-742-05
5152,742-899-03
4357,743-009-48
3058,743-135-58
1194,743-352-99
4085,743-424-02
3380,743-611-26
3614,743-731-43
4304,743-942-58
2674,743-967-85
1059,744-244-98
4516,744-707-28
6250,744-734-72
1304,744-841-52
4970,744-931-83
2424,745-148-43
5457,745-355-85
1901,745-619-61
3182,745-999-58
4152,746-163-77
4635,746-280-98
6326,746-406-77
3419,746-787-57
3259,747-227-44
6546,747-442-38
4385,747-446-92
1625,747-517-39
6000,747-692-82
3305,747-745-37
2764,747-787-49
2317,748-121-79
1353,748-140-97
1314,748-182-06
5601,748-194-32
2681,748-266-33
3562,748-296-06
5043,748-545-41
3459,749-352-50
4725,749-364-79
2199,749-624-57
2227,749-686-76
1086,749-700-20
6530,749-728-34
2216,749-752-09
6022,749-772-36
6687,750-089-20
2733,750-135-17
3546,750-157-34
1587,750-778-96
4930,751-028-37
1917,751-062-82
5241,751-118-18
5719,751-235-90
1051,751-406-30
6025,751-521-25
2463,751-627-93
5088,751-643-22
6157,751-700-62
4629,751-706-55
3522,751-727-16
1099,751-745-40
3554,751-778-83
6311,752-297-15
5106,752-306-86
5328,752-374-35
6642,752-477-90
4468,752-778-47
3261,753-029-18
2073,753-557-83
6019,753-582-56
2954,753-590-87
1850,753-591-85
3826,753-760-35
1005,753-856-10
3314,753-865-50
6312,753-963-81
6383,753-999-73
1559,754-003-96
5407,754-108-06
5801,754-228-07
4490,754-303-30
5815,754-339-28
3657,754-697-18
4938,754-708-14
2774,754-921-31
4962,754-962-28
1816,755-011-90
4967,755-058-74
2756,755-146-05
4371,755-163-60
4445,755-312-84
2113,755-356-59
6193,755-376-47
2193,755-387-82
2925,755-494-18
4779,755-551-34
3382,756-056-46
5731,756-338-65
5767,756-388-09
3337,756-449-60
5796,756-616-64
3440,757-054-12
4904,757-183-09
1358,757-212-20
1480,757-260-90
2899,757-267-32
6110,757-287-07
4082,757-378-40
3713,757-381-97
4723,757-993-31
1806,758-185-50
3149,758-213-95
2451,758-507-68
3799,758-727-48
3484,759-037-09
6095,759-159-99
6456,759-206-97
2031,759-235-86
4295,759-370-00
1142,759-391-68
2430,759-632-65
3765,759-759-47
1427,759-839-65
3994,759-909-69
6012,760-089-10
5498,760-183-38
6522,760-459-79
3690,760-607-39
6147,760-685-93
2867,760-722-92
1486,760-768-69
1909,761-025-60
5465,761-079-93
4944,761-140-34
2766,761-597-64
3872,761-672-72
2994,761-792-89
2563,761-808-76
6222,762-011-03
6307,762-031-06
2284,762-484-49
1618,762-512-67
6219,762-525-13
3335,762-569-21
3965,762-700-51
2963,762-730-32
6715,762-897-05
1975,763-096-28
3795,763-274-50
4732,763-307-33
3483,763-680-50
3812,764-093-45
3955,764-249-56
4047,764-477-99
4964,764-520-35
1066,764-717-45
1617,764-760-88
2844,764-860-16
5730,765-576-33
4955,765-678-68
3820,766-264-60
5290,766-575-49
1755,766-608-13
1091,766-626-98
3108,766-660-09
2670,766-783-83
5716,767-020-44
1838,767-045-25
5803,767-151-34
1649,767-202-68
3863,767-579-48
4821,767-878-07
6441,767-974-08
3591,768-071-84
2547,768-337-39
2092,768-446-65
4302,768-720-63
6217,768-824-13
5830,768-861-00
1143,768-903-76
1326,769-205-36
2804,769-226-09
3914,769-704-53
1522,769-965-39
5222,770-276-74
3144,770-347-90
1953,770-733-46
4443,770-883-03
2891,771-145-42
5865,771-338-29
5115,771-375-10
3288,771-517-46
6161,771-827-52
1408,771-849-60
1248,771-852-63
1133,771-929-12
6542,771-961-21
6438,772-522-31
5370,772-588-55
1948,772-835-41
4439,773-001-22
4032,773-033-07
4465,773-347-35
2208,773-389-77
3983,773-433-77
1826,773-855-30
4485,773-976-43
4438,774-412-65
5943,774-476-05
1605,774-626-68
2128,774-714-83
1322,774-775-07
1061,774-798-83
3510,774-827-97
5963,774-855-20
5623,775-052-38
2523,775-329-49
1342,775-354-00
5109,775-500-65
1947,775-684-79
5750,775-698-63
5521,775-732-98
2572,775-770-42
1851,776-056-47
3943,776-098-76
5637,776-251-32
5495,776-263-09
2303,776-419-89
2818,776-651-69
3762,776-759-93
5572,776-789-11
1685,776-806-55
1568,777-220-20
1822,777-383-02
5467,777-766-37
3603,777-810-93
3527,777-855-31
2150,777-888-88
2931,777-979-56
4100,778-243-36
1287,778-315-99
4756,778-381-09
1158,778-640-81
1709,778-803-21
5127,778-871-26
1952,779-041-15
5811,779-165-22
3061,779-416-33
5333,779-797-33
5270,779-885-43
3649,780-114-91
4207,780-158-66
6069,780-627-47
4130,780-653-02
3752,781-087-62
4137,781-194-49
2259,781-364-58
2812,781-418-28
4016,781-817-32
3511,781-916-53
2540,782-429-29
3759,782-497-15
4072,782-594-39
2569,782-771-57
1937,782-796-48
4237,782-880-03
2793,782-957-00
1670,783-386-32
3196,783-460-86
6155,783-677-13
3372,783-687-00
1421,783-691-48
4743,783-825-16
6244,783-914-11
2502,783-930-98
1976,784-030-09
6271,784-055-63
4373,784-085-13
1516,784-108-33
5260,784-152-93
2949,784-349-89
5117,784-412-55
2085,784-638-98
2326,784-648-05
5473,784-681-63
3995,785-333-58
3549,785-418-13
2169,785-621-97
2526,786-161-71
2195,786-449-96
4249,786-572-05
5910,786-769-22
5142,786-898-11
2638,787-178-22
5352,787-183-69
5562,787-310-06
1823,787-382-67
4036,787-648-90
1872,788-341-70
3266,788-477-31
3367,788-749-73
4103,789-095-79
1192,789-910-06
3004,789-990-27
4569,790-014-33
6635,790-236-28
2114,790-725-92
3951,790-742-08
6335,790-834-06
2579,790-953-63
4414,791-084-10
2605,791-265-14
2599,791-502-53
3616,791-507-52
5360,791-555-07
2533,791-616-51
1991,791-929-68
5784,792-078-10
2370,792-151-83
3311,792-211-61
4597,792-299-02
5748,792-353-56
1102,792-785-46
1136,792-832-30
4374,792-856-88
5097,793-092-95
5938,793-312-12
4079,793-886-55
1977,793-969-10
2529,793-990-69
5147,794-126-18
4868,794-179-16
4406,794-585-32
3879,794-745-38
4447,794-863-49
2762,795-078-69
2807,795-157-11
1169,795-476-79
1325,795-647-28
1638,795-753-73
5985,795-797-30
3047,795-904-32
2718,796-165-00
3139,796-205-42
5626,796-395-28
6071,796-460-26
3933,796-806-99
4148,796-819-14
5777,796-825-62
4562,797-247-90
1260,797-391-31
2785,797-595-38
2243,797-720-18
4684,797-825-10
5806,797-914-63
1369,798-014-42
4647,798-067-42
4448,798-089-88
3268,798-145-20
6034,798-397-23
2507,798-435-54
1056,798-440-37
5666,798-478-17
2051,798-520-09
5514,798-707-06
4763,799-121-14
4188,799-368-96
1242,799-682-83
3609,800-165-55
4822,800-172-17
3189,800-246-95
2591,800-364-01
3651,800-420-49
1647,801-085-37
6169,801-404-48
4260,801-486-53
1093,801-539-01
1040,801-597-88
4638,801-837-84
2091,801-892-21
6143,802-232-51
1628,802-602-56
2483,802-726-12
3391,802-816-57
3894,802-910-67
1462,802-960-19
6626,803-206-18
4993,803-363-67
1084,803-392-79
3661,803-468-37
5438,803-550-20
5288,803-563-84
4243,803-780-98
5274,803-830-18
5969,804-010-09
1424,804-084-78
4366,804-249-44
2886,804-260-26
5810,804-395-47
4284,804-401-76
5285,804-720-36
2048,804-752-39
5568,804-956-65
6170,804-972-05
4201,805-075-35
5286,805-358-21
2874,805-720-32
3521,805-934-27
4850,806-118-10
1233,806-175-59
5162,806-194-14
1471,806-378-19
2878,806-427-04
4242,806-534-82
1340,806-597-27
3359,806-720-23
4031,807-226-77
1579,807-425-98
3256,807-558-20
2704,807-717-44
6198,807-724-08
6111,808-156-28
4608,808-329-74
5038,808-354-43
6035,808-450-79
6501,808-963-71
4475,809-010-29
2420,809-084-00
4863,809-140-82
4816,809-219-94
6707,809-265-63
2392,809-271-24
4571,809-387-16
1016,809-774-07
1609,810-015-74
1171,810-703-27
2628,810-995-26
4567,811-013-25
2684,811-041-39
5105,811-310-39
6387,811-682-08
6333,811-698-05
5312,811-739-64
5265,811-820-05
2263,812-133-64
2426,812-895-98
5389,812-938-58
1607,812-998-07
1813,813-011-82
6308,813-170-68
3490,813-275-12
2237,813-552-07
4479,813-700-73
1071,813-932-95
5166,814-311-82
4246,814-381-04
1737,814-719-08
4399,814-761-24
6434,814-984-64
2650,815-228-93
1146,815-392-70
5837,815-409-56
2445,815-694-26
5254,815-708-28
4057,816-066-15
5542,816-091-38
4869,816-237-65
2940,816-289-38
2095,816-455-48
2210,816-561-86
1041,816-632-41
4195,816-774-18
1368,817-109-96
4155,817-271-32
4382,817-310-94
1459,817-375-63
3394,817-614-68
4495,817-875-95
6458,818-181-26
1879,818-404-95
6511,818-422-44
6152,819-192-51
4973,819-297-68
5120,819-443-75
1682,819-856-72
1443,819-949-16
2133,820-609-30
3199,820-881-62
1159,821-204-41
2839,821-281-73
3509,821-453-68
2339,821-500-30
1926,821-556-76
5041,821-574-78
1375,821-841-85
6670,821-856-29
4956,821-952-60
5320,821-956-19
5002,822-285-56
3249,822-430-79
5556,822-535-31
2934,822-705-61
3272,822-776-62
2846,822-817-69
3718,822-899-08
4116,823-023-86
3913,823-024-75
5852,823-054-44
3153,823-110-50
5655,823-292-67
6298,823-385-44
2255,823-409-34
3881,823-461-84
1152,823-629-43
4658,823-979-04
1542,824-048-10
1024,824-061-48
4890,824-126-92
6133,824-131-97
6321,824-178-64
1844,824-196-50
6474,824-400-05
5580,824-437-13
5107,824-672-25
1323,824-765-37
1531,824-841-42
4550,824-877-41
6046,825-383-84
3525,825-619-33
1052,826-037-94
1258,826-059-85
2473,826-288-75
6573,826-370-71
5597,826-472-12
5492,826-525-94
4334,826-676-70
1074,826-857-00
1921,826-907-48
5880,827-330-16
5376,827-342-29
2363,827-385-29
3025,827-555-63
2141,827-668-83
1002,827-736-33
2412,827-777-41
5128,827-874-53
4431,828-404-80
1487,828-531-40
4661,828-556-81
5293,828-961-42
3002,829-084-10
1868,829-534-30
5382,829-573-15
3355,830-038-28
6317,830-419-76
3566,830-446-35
4454,830-563-38
4664,830-565-18
3961,830-785-49
1252,831-188-29
1274,831-480-54
5595,831-585-78
2926,831-626-57
6446,831-768-68
2527,831-777-21
2478,832-302-41
1688,832-319-02
5971,832-383-31
1271,832-629-87
3420,832-873-12
1151,833-203-58
4006,833-228-71
4355,833-442-91
3336,833-502-92
4394,833-619-11
5479,833-793-54
4220,833-927-40
1413,834-206-80
4058,834-686-62
4852,834-714-59
6180,834-803-51
4991,834-891-56
4603,834-958-25
2695,835-063-84
6571,835-550-29
2980,835-692-03
3443,836-040-96
3848,836-337-28
4458,836-354-14
6479,836-551-92
6355,836-975-86
6166,837-070-55
1501,837-218-15
2619,837-311-43
3334,837-556-76
1794,837-563-40
1856,837-748-36
3793,837-996-86
3659,838-100-74
3853,838-190-09
4815,838-328-15
2932,838-420-79
2917,838-445-97
6112,838-527-73
2955,838-796-82
4639,838-808-63
2087,838-884-66
5386,838-899-92
2050,839-189-17
3390,839-466-02
5393,839-873-98
2868,840-011-97
4310,840-158-41
4549,840-172-62
4504,840-210-72
3084,840-650-13
3815,840-794-19
4633,841-037-69
3747,841-231-93
6468,841-256-64
4450,841-300-39
4346,841-358-24
3065,841-475-17
2663,841-495-81
3788,841-574-57
2754,841-574-78
3760,841-583-83
3438,842-185-78
5596,842-207-77
1137,842-823-08
5738,843-003-11
5890,843-077-88
5446,843-476-12
2125,843-833-01
5892,843-946-41
1433,843-966-42
2577,843-989-76
1395,844-117-78
2510,844-349-79
2147,844-744-15
2644,844-761-71
1227,844-913-50
2145,844-939-10
3112,845-205-22
3724,845-354-04
5775,845-376-41
6367,845-465-29
1679,845-503-90
2421,845-754-78
6713,845-983-24
6099,845-987-66
4342,846-198-17
1915,846-302-85
1385,846-317-79
5789,846-424-33
5867,846-461-88
2627,846-547-09
4592,846-973-55
5509,847-016-54
3819,847-086-96
4845,847-094-38
6690,847-180-65
6360,847-206-40
1775,847-381-15
4002,847-653-83
3781,847-725-65
5582,847-881-67
2190,848-296-92
5722,848-347-29
2855,848-458-57
4872,848-620-70
3709,848-925-21
2588,849-102-55
3706,849-337-59
1008,849-507-79
1577,849-740-73
1332,849-877-07
1334,850-592-12
2851,850-955-08
2174,850-986-35
5365,851-023-45
6199,851-042-69
2336,851-282-49
3330,852-036-67
5380,852-270-15
2268,852-789-27
3304,853-041-76
4941,853-059-86
1240,853-402-76
4766,853-435-29
4391,853-726-33
1783,853-878-96
5600,853-928-00
4595,854-011-52
6327,854-059-37
3875,854-153-58
2776,854-193-04
6614,854-406-58
3502,854-729-51
5149,854-786-77
4271,854-801-35
5408,854-830-85
3410,854-855-70
4029,854-995-07
2328,855-025-41
3123,855-245-60
5745,855-335-65
5950,855-391-92
1869,855-627-66
3557,855-796-33
4602,855-813-65
4071,856-215-66
2187,856-397-91
6238,856-516-17
1490,856-518-57
3356,856-556-02
2900,856-580-76
3415,856-629-52
5553,857-111-50
6134,857-161-23
2018,857-543-33
5232,857-599-66
2722,857-876-13
3217,857-920-53
1458,858-059-81
6127,858-117-17
3541,858-150-85
4484,858-223-92
2277,858-327-85
6242,858-463-38
3379,858-645-27
2662,858-706-39
5070,858-726-18
6319,858-750-06
1379,858-809-53
1344,858-832-83
6359,858-908-10
5812,858-972-51
4584,859-171-85
5212,859-267-58
6190,859-446-68
5192,859-454-14
2985,859-763-55
2555,859-793-05
5282,860-125-37
5078,860-411-78
6002,860-436-72
4836,860-518-85
5359,860-581-39
5344,860-796-84
2865,861-324-13
5138,861-364-17
6072,861-434-14
1173,861-869-72
3656,861-935-30
3730,861-984-88
4699,862-111-16
5417,862-491-27
6581,862-885-17
4368,862-891-14
3142,862-912-31
2214,863-274-12
5856,863-325-23
3589,863-491-17
6243,863-518-61
4219,863-830-65
5609,863-956-36
3624,864-071-15
1339,864-101-15
5977,864-213-78
2041,864-257-46
3358,864-386-81
1198,864-487-49
1338,864-571-13
2890,864-801-11
4679,864-973-43
1036,865-240-14
6587,865-606-33
3078,865-693-38
3558,865-826-05
3516,865-878-56
2709,865-995-38
6028,866-077-92
3478,866-233-71
1603,866-265-39
5369,866-861-95
1514,866-918-94
3125,867-167-41
6201,867-345-41
1632,867-413-70
1000,867-650-53
3448,867-762-80
6447,868-142-20
3530,868-509-37
3550,869-171-60
2414,869-239-78
2027,869-248-40
1876,869-265-61
1472,869-547-34
4472,869-687-36
5151,869-723-24
5180,869-781-53
1796,869-975-76
2311,870-240-15
5236,870-242-59
1492,870-496-71
2626,870-508-97
1595,870-573-81
2928,870-640-32
4657,870-738-08
3734,870-771-05
4864,870-782-00
5697,870-895-06
1436,871-111-43
6125,871-317-74
5551,871-327-15
5330,871-351-50
3007,871-397-63
5364,871-442-21
1920,871-612-59
4891,871-780-99
1069,871-808-16
2947,872-253-44
2416,872-373-30
4842,872-404-78
6395,872-530-69
4693,872-703-60
5050,872-712-84
4451,872-743-37
5792,872-965-82
1903,873-008-80
4649,873-544-58
3227,873-701-30
4001,873-802-35
5515,873-923-84
5400,874-304-42
5902,874-770-92
6342,874-859-60
6338,874-907-31
1482,875-095-66
3578,875-318-71
2000,875-338-31
3029,875-364-30
5854,875-417-88
6610,875-692-89
3214,875-815-38
1881,876-379-39
1790,876-635-77
6294,876-712-09
2746,876-734-73
5762,877-588-65
2941,877-703-46
6153,877-706-02
1900,877-941-25
6703,878-166-10
2720,878-175-74
5287,878-188-74
4463,878-196-01
3926,878-217-69
3371,878-246-42
4333,878-299-01
4037,878-324-54
3342,878-680-64
3949,878-709-08
1957,878-788-85
2986,878-854-15
6672,879-014-33
3204,879-371-04
2357,879-463-27
1661,879-479-92
5577,879-601-89
1168,879-770-21
1139,880-023-87
6583,880-074-73
6685,880-299-44
3113,880-775-74
2593,880-957-52
3854,881-003-24
2094,881-166-03
4589,881-207-58
5972,881-335-41
1364,881-444-73
1974,881-619-92
5375,881-624-53
6101,882-072-80
2480,882-136-52
4674,882-160-98
6277,882-511-67
1695,882-803-42
3130,882-818-02
6008,882-841-47
5992,882-940-72
4183,883-206-59
6182,883-478-92
2149,883-615-11
2400,883-620-70
4888,883-842-80
3289,884-056-06
3948,884-147-66
6611,884-233-99
5433,884-297-48
6722,884-929-88
1757,885-043-60
5475,885-316-98
6631,885-557-41
1698,885-776-98
2570,885-901-86
5685,886-005-62
5354,886-045-72
6165,886-150-81
6374,886-260-40
2875,886-415-54
3732,886-555-53
6003,886-873-76
5378,886-925-86
4921,886-953-82
6194,887-165-33
6461,887-248-55
2202,887-849-31
5454,887-877-60
3692,887-989-93
4428,888-021-31
2675,888-238-07
2784,889-247-62
5383,889-293-14
6049,889-385-86
4466,889-442-49
5915,889-525-84
6451,889-598-17
1907,889-761-22
4876,889-787-12
5081,889-926-53
6547,889-989-03
4024,890-036-32
5390,890-179-82
4106,890-511-40
6606,890-634-49
4827,890-668-34
2373,890-838-17
3907,890-977-65
4425,890-982-64
1082,891-049-65
2692,891-131-35
1469,891-200-74
3475,891-342-04
6252,891-353-40
3167,891-504-55
5537,891-716-82
4677,892-183-70
1944,892-207-20
6114,892-396-69
3203,892-416-49
5709,892-423-57
1561,892-601-71
4316,892-622-88
4112,892-738-85
1585,893-322-21
3435,893-479-46
6660,893-550-75
3685,893-556-88
2751,893-728-65
4426,893-865-95
4660,894-079-85
1503,894-116-36
5807,894-367-01
1496,894-770-27
2630,894-851-13
5461,895-173-71
6529,895-186-85
6197,895-195-23
5561,895-450-35
4687,895-821-43
2801,895-900-83
3064,895-905-88
3785,896-032-49
3849,896-051-72
2171,896-477-29
1483,896-602-90
2763,896-682-08
5725,896-810-49
1090,896-932-45
2759,896-950-96
1072,897-306-39
5773,897-317-01
5541,897-360-88
3697,897-450-85
3480,897-639-54
2564,898-245-66
3950,898-258-52
4769,898-267-84
1521,898-558-81
6469,898-634-71
5768,898-639-28
5503,898-775-59
5415,898-796-36
2715,898-906-71
1827,898-972-39
2586,899-422-23
2209,899-425-15
4587,899-541-27
1727,899-716-53
6144,899-844-91
6145,899-946-52
6723,900-168-61
4122,900-785-73
2389,900-973-57
2249,901-308-91
1633,901-309-73
1297,901-484-53
6507,901-604-18
2310,901-779-49
2761,901-792-05
1963,901-943-93
6124,901-977-03
1106,901-994-07
3101,902-041-69
2936,902-240-65
4457,902-353-05
5842,902-478-33
5617,902-744-96
4204,902-895-90
2520,903-572-10
4068,903-889-02
2703,904-570-43
4586,904-929-00
1129,905-021-32
2292,905-345-32
2983,905-424-27
1517,905-448-51
2575,905-492-05
6627,905-632-76
3573,905-730-42
4530,905-733-19
5734,905-746-48
3968,906-179-04
1619,906-330-99
3295,906-525-05
2407,906-677-01
4061,906-685-45
4697,906-756-40
2472,906-777-48
2735,906-819-42
3640,906-892-76
5548,906-967-48
4012,907-048-08
4139,907-191-35
4825,907-304-00
5657,907-421-18
3250,907-444-55
1938,907-522-81
4440,907-528-92
3430,907-769-26
2396,907-869-73
6420,907-953-42
1111,908-009-31
3312,908-055-96
3067,908-149-51
3601,908-197-26
4574,908-295-54
2998,908-727-11
2944,908-784-27
3944,909-054-83
1819,909-059-84
5841,909-109-50
3523,909-182-98
5934,909-358-27
3086,909-460-49
2500,909-464-96
1800,909-534-10
5687,909-674-56
4680,910-001-53
5887,910-073-10
1207,910-217-51
3756,910-284-58
4253,910-291-07
2604,910-490-72
3043,910-520-17
1867,910-905-57
6305,910-915-89
4547,910-930-26
5497,911-460-55
3947,911-469-22
2134,911-494-65
1569,911-609-78
3604,911-859-91
1769,911-942-73
4199,912-017-90
5487,912-024-04
6462,912-198-27
6556,912-613-11
4213,912-915-05
5137,913-138-71
1772,913-196-87
3208,913-414-48
1380,913-622-73
2120,913-746-97
5957,913-979-39
5063,914-076-26
4777,914-132-21
5184,914-240-34
1620,914-534-68
4196,914-715-33
2116,914-853-13
4919,914-997-67
6393,915-018-30
1573,915-018-91
3719,915-224-32
6551,915-764-75
3248,915-841-82
2580,915-872-97
6455,915-978-61
3910,916-253-35
4753,916-272-29
2045,916-272-54
6572,916-392-98
3350,916-401-61
2126,916-609-36
1654,916-614-51
2308,916-746-80
2220,917-096-36
5922,917-124-53
3594,917-172-81
2552,917-727-04
2270,917-909-00
3240,917-974-65
6040,917-975-61
1572,918-270-30
3436,918-400-93
4984,918-805-94
1034,919-273-45
2298,919-493-58
4193,919-562-65
2621,920-617-59
5576,920-879-47
5392,921-237-26
6426,921-440-70
5839,921-555-40
3432,921-724-58
4634,921-768-31
3474,922-082-28
5808,922-094-73
2972,922-569-88
1896,922-940-94
6037,922-985-33
2014,923-086-37
2437,923-281-95
5552,923-618-57
4053,923-728-75
5493,923-731-42
2741,923-735-63
4164,923-748-94
5914,924-236-72
4358,924-336-12
2808,924-624-38
5018,924-664-87
2581,924-786-02
1409,924-893-30
5500,925-000-77
3867,925-092-55
2393,925-097-83
4023,925-138-62
4186,925-491-69
1460,925-584-99
2551,925-637-46
3105,925-664-22
2503,925-726-29
4115,925-761-56
3477,926-009-47
5519,926-050-73
4978,926-237-91
4066,926-733-94
5945,926-900-40
4197,927-013-12
4203,927-055-78
1327,927-205-42
1100,927-311-56
6443,928-181-26
1610,928-362-07
5253,928-477-93
1758,928-539-28
1454,928-623-95
2608,929-061-55
6726,929-188-87
1196,929-205-11
2981,929-419-56
5314,929-468-73
3528,929-599-71
4264,929-821-71
6290,929-821-87
4738,929-893-12
5087,930-099-81
2381,930-151-84
6208,930-269-42
3127,930-385-12
4087,930-385-70
5213,930-427-15
3055,930-498-78
4172,930-597-46
6612,930-606-74
1300,930-788-84
1642,930-801-34
3832,930-883-30
4787,931-022-98
3300,931-192-13
2341,931-294-02
6236,931-313-43
1652,931-421-91
3485,931-496-06
3653,931-750-20
4168,931-761-80
1814,931-860-47
1057,931-900-10
3877,932-035-68
2183,932-076-22
5206,932-156-61
5116,932-326-67
2443,932-383-26
3059,932-449-02
4362,932-467-13
2687,932-508-50
1167,933-028-42
2672,933-131-24
2170,933-246-34
3128,933-314-35
2743,933-505-44
4544,933-528-71
2802,933-797-43
6390,933-854-27
4914,933-953-72
2903,934-138-40
3317,934-179-72
4710,934-285-19
2245,934-303-40
5594,934-323-71
5874,934-443-17
3126,934-611-11
6224,934-640-21
6637,934-819-65
4949,935-153-44
1383,935-346-54
6371,935-360-85
2667,935-608-88
2864,935-682-00
4755,935-825-42
3625,936-248-05
4856,936-418-23
4749,936-483-86
5036,936-576-31
2760,936-646-53
2146,936-754-18
3738,936-911-81
6563,936-995-01
4719,937-068-73
3716,937-556-44
3843,937-601-65
1532,938-098-42
3121,938-200-15
2403,938-262-42
5110,938-313-68
6260,938-516-88
4482,938-567-49
3505,938-593-88
2732,938-597-12
1833,938-714-61
4909,939-056-47
3396,939-088-99
1818,939-103-80
2790,939-164-29
1989,939-500-85
1372,939-742-84
3237,940-042-42
1278,940-070-58
5409,940-279-18
4301,940-646-31
2279,940-682-84
4669,940-833-54
5211,940-911-33
4113,941-027-98
5819,941-265-16
1645,941-364-58
4350,941-413-17
1942,941-815-47
1030,942-019-71
4870,942-036-45
5629,942-253-68
4020,942-368-03
6649,942-463-30
6449,942-473-55
3020,942-661-18
2822,942-721-95
5717,942-725-93
2494,943-493-83
5250,943-515-19
6603,943-676-29
6502,943-727-41
6450,943-800-64
4324,944-092-96
5093,944-129-86
6589,944-154-67
3676,944-240-99
2137,944-278-44
2312,944-379-79
4367,944-447-09
1411,944-567-47
3710,944-609-77
1785,944-682-48
4675,945-182-09
2750,945-218-79
2436,945-320-29
2470,945-409-31
6270,945-453-06
6435,945-813-07
5034,945-851-99
2755,945-984-56
6214,946-011-93
5269,946-092-97
5530,946-115-74
5535,946-176-74
2302,946-752-34
5671,946-796-65
1615,946-955-02
2360,947-134-66
4019,947-954-37
4744,948-325-48
3698,948-680-20
1058,948-686-90
5604,949-016-94
1412,949-059-24
3809,949-151-19
3929,949-433-39
6248,949-836-49
2093,949-955-36
3346,949-968-18
6115,950-015-52
4541,950-430-27
6272,950-543-68
2083,950-556-85
3175,950-669-46
2559,950-741-36
3282,950-767-02
6090,950-814-06
1626,951-306-88
2841,951-764-31
5899,951-848-96
2148,951-923-49
5371,952-288-49
3297,952-297-09
1936,952-467-79
2553,952-687-02
1500,952-827-18
4474,953-068-21
5956,953-084-28
6255,953-085-05
4588,953-263-42
6632,953-437-14
5159,953-953-32
1684,954-133-42
5348,954-637-25
4999,954-824-46
3309,954-871-01
6375,954-975-37
6533,955-243-21
5490,955-357-10
3722,955-413-10
2205,955-671-75
5554,955-794-11
4847,956-239-94
2058,956-254-15
2224,956-641-43
5204,956-692-39
4117,956-789-22
1193,956-793-81
4437,957-003-93
5095,957-028-29
2492,957-100-51
5818,957-539-20
3147,957-584-36
1526,957-646-67
3143,957-646-69
6724,957-661-81
2160,957-885-03
2708,958-036-97
5627,958-220-17
2606,958-270-40
5958,958-325-30
2234,958-468-50
2544,958-493-08
2893,958-671-16
2909,958-806-49
6716,959-096-19
5025,959-300-45
6247,959-428-36
2911,959-751-17
2714,959-804-73
4624,959-808-18
3512,960-074-43
2910,960-098-60
1449,960-317-01
1527,960-583-08
3470,960-645-90
5723,960-688-85
4378,960-744-21
1075,960-993-33
1064,961-370-61
4464,961-467-39
3580,961-652-45
2258,961-826-60
3118,961-871-05
4581,961-963-01
3393,962-097-77
5619,962-187-85
3520,962-433-18
3154,962-462-56
2319,962-817-65
1969,962-843-01
6406,962-846-68
5695,962-916-62
4427,962-930-60
6315,963-030-86
4469,963-333-08
3937,963-475-31
2477,963-549-65
4387,963-564-40
2155,963-786-83
3169,964-077-63
3206,964-215-26
4014,964-275-77
1311,964-407-30
1295,964-675-67
4617,964-853-86
2016,965-118-45
4065,965-150-96
2847,965-155-79
2738,965-181-11
6477,965-286-02
6173,965-359-19
2196,965-492-43
3959,965-684-43
2858,966-563-95
3034,966-626-11
4292,966-633-94
4667,966-698-51
5005,966-882-74
6658,967-015-33
3378,967-062-98
2252,967-269-89
5636,967-282-40
3667,967-338-63
4125,967-475-03
1824,967-677-89
5778,967-790-29
3829,967-829-85
3560,967-897-40
3996,967-991-82
3429,968-122-86
3542,968-270-99
6296,968-491-74
1301,968-517-18
2838,969-004-68
5084,969-286-78
4146,969-338-23
6221,969-556-95
6517,969-617-27
5951,969-627-93
6496,969-804-82
2543,969-956-95
4033,970-966-75
6053,971-163-54
2853,971-236-13
6692,971-285-75
4514,971-358-31
5122,971-430-94
1733,971-994-18
1578,972-031-48
3030,972-058-40
1098,972-128-10
2933,972-240-22
3988,972-270-45
1465,972-624-13
5858,972-782-92
2861,972-950-00
6060,973-212-73
2180,974-202-12
5862,974-236-92
5231,974-316-40
2315,974-339-03
4397,974-374-53
6663,974-661-06
3392,974-820-28
3784,974-881-42
4977,974-951-85
6633,975-262-32
1461,975-697-89
3592,975-748-02
6065,975-778-24
1601,975-913-14
6192,976-084-88
5917,976-127-81
1925,976-223-75
5021,976-500-42
2872,976-583-23
1289,976-684-87
6106,976-729-32
5961,976-827-75
3735,976-849-45
4052,976-928-28
4256,977-304-45
1238,977-307-88
5170,977-373-43
6486,977-462-63
6023,977-675-61
2108,977-737-03
6074,977-837-95
4331,977-866-43
2144,978-030-30
3265,978-324-83
2434,978-471-69
1223,978-538-10
3677,978-707-08
3918,978-762-78
3876,978-793-30
1692,978-952-20
6492,979-108-94
2102,979-482-42
4706,979-492-05
1018,979-748-91
1540,980-037-74
4240,980-088-85
6410,980-211-96
3319,980-230-97
1101,980-303-77
3451,980-403-10
1235,980-628-22
1843,980-810-64
4564,980-849-90
2657,980-930-85
3377,980-940-29
4297,981-369-67
6405,981-407-95
5607,981-420-95
5881,981-487-60
4145,982-011-10
3753,982-075-96
5228,982-157-39
1103,982-526-41
2465,982-653-11
1771,982-935-79
2006,983-064-39
2468,983-145-74
2175,983-325-78
2496,983-421-91
3296,983-512-23
2039,983-664-23
1675,983-956-95
3040,983-957-47
5233,984-066-47
1053,984-088-34
1570,984-603-58
4817,984-730-44
6087,985-357-34
4048,985-557-22
2314,985-632-70
5494,985-812-72
3211,985-995-76
5906,985-999-87
3310,986-150-19
2233,986-237-71
5362,986-417-46
6225,986-699-91
3858,986-973-82
1870,986-998-95
6683,987-160-89
1928,987-418-17
2185,987-503-57
4747,987-582-25
3209,987-678-26
3141,987-822-83
1367,987-901-89
2495,988-008-08
2728,988-134-47
3874,988-194-96
3888,988-209-24
5397,988-375-58
1939,988-556-07
3387,989-183-60
2348,989-457-66
1251,989-514-48
6067,989-766-23
6140,989-933-42
3444,990-172-59
3629,990-379-96
1639,990-531-70
5017,990-661-92
1560,990-873-36
3816,991-035-14
4335,991-098-67
4396,991-183-52
4612,991-431-66
2816,991-631-70
2535,991-651-75
3188,992-129-67
1854,992-720-47
4013,992-842-70
5412,992-966-73
3202,993-056-41
1864,993-064-45
1393,993-078-51
1022,993-222-71
1243,993-309-12
2244,993-398-19
1693,993-491-58
4990,993-558-65
2691,993-637-58
2888,993-641-36
5588,993-805-82
4191,993-940-55
3160,994-094-74
4576,994-406-30
6096,994-505-75
1362,994-607-06
1529,994-732-72
2773,994-736-03
2198,995-133-19
6188,995-164-72
4235,995-301-48
5238,995-551-60
3904,995-610-57
4470,995-666-95
2043,995-696-22
4488,995-892-12
5747,996-200-36
2040,996-239-34
4575,996-259-93
1140,996-330-27
3258,996-336-43
5645,996-592-37
3357,996-712-85
1972,997-028-29
5754,997-115-98
5603,997-600-94
3873,997-929-25
5774,998-034-52
1348,998-040-86
2449,998-250-12
5946,998-507-85
1209,998-540-16
1980,998-588-10
4828,998-613-07
4770,998-648-50
6001,999-134-37
3890,999-228-97
5615,999-238-63
6645,999-366-07
2723,999-474-69
1310,999-598-09
2077,999-733-68
5046,999-744-65
4692,999-802-01
