employee_id,phone
2068,100-431-20
4299,100-580-05
2771,100-831-88
1766,100-875-75
4285,101-089-54
3217,101-207-32
3822,101-263-20
3816,101-358-38
1826,101-658-94
816,101-689-71
850,101-815-71
2297,101-972-19
1319,102-121-92
4162,102-235-01
631,102-649-08
874,102-832-77
2376,102-894-65
3966,102-996-13
4654,103-197-59
3318,103-255-83
4494,103-921-11
1472,103-967-12
4149,104-384-08
3343,104-764-95
4731,104-999-67
4125,105-016-90
1572,105-245-74
4370,105-410-48
1892,105-443-06
3959,105-591-36
1487,105-635-80
4518,105-729-13
3741,105-927-09
2465,106-159-29
4064,106-232-85
1797,107-374-73
2400,107-631-06
3582,107-776-80
2351,108-138-30
3224,108-486-34
3373,108-805-95
3365,108-830-12
1360,108-880-56
3814,109-074-63
4115,109-388-05
1239,109-454-18
1228,109-761-17
1241,109-860-28
1992,109-991-98
543,110-002-11
3091,110-003-73
2280,110-050-59
3977,110-268-01
2845,110-566-04
3813,110-699-37
1312,110-878-82
3863,110-958-72
2340,111-082-65
3305,111-762-28
2933,111-955-21
4567,111-958-74
4225,112-189-16
4568,112-309-83
1414,112-353-31
3921,112-501-56
3301,112-934-70
4307,113-090-15
3851,113-228-56
3552,113-417-67
1585,113-477-53
4155,113-489-49
2293,113-653-05
2961,113-758-53
4573,114-036-69
638,114-533-90
2651,114-536-12
1244,114-634-40
706,115-526-23
3040,115-543-56
664,115-587-18
4471,116-040-53
1949,116-050-63
980,116-225-47
2666,116-755-19
4555,116-933-71
1031,117-021-74
4500,117-045-16
1863,117-183-59
3435,118-240-47
3508,118-251-88
2337,118-864-41
1317,119-105-38
537,119-134-73
2206,120-167-21
859,120-351-04
1155,120-815-13
1210,120-822-41
4348,120-849-53
2750,120-948-85
2858,121-048-21
3874,121-065-29
2687,121-078-36
1300,121-312-93
3680,121-440-77
2601,121-479-56
1415,121-811-86
3015,122-706-54
2048,122-910-48
4602,123-296-77
2467,123-631-54
1699,123-803-29
4079,124-100-68
3946,124-160-59
3170,124-518-30
3462,124-650-64
1987,124-838-55
1898,125-518-08
3504,125-685-98
2276,125-689-00
3501,126-134-81
4048,126-290-79
1194,126-585-44
732,126-872-59
2995,127-073-00
1518,127-149-13
886,127-211-53
4444,127-237-20
1068,127-900-26
4233,128-139-13
535,129-064-91
3794,129-189-27
1027,129-189-79
959,129-652-49
773,130-054-98
2001,130-219-44
4412,130-260-23
3920,130-381-62
3195,130-458-19
3107,130-747-58
2062,131-442-57
2613,131-808-45
1526,131-810-17
1516,131-855-62
2229,132-066-55
3528,132-347-25
1091,132-501-40
528,132-600-44
3540,132-689-20
3617,132-772-97
2299,133-249-35
3422,133-279-16
3856,133-483-33
2708,133-546-90
4521,133-611-00
3013,133-700-71
1713,133-807-99
884,133-831-97
1413,134-196-19
1323,134-214-20
3111,134-399-22
560,134-548-00
3136,135-140-12
3292,135-398-33
2492,135-683-28
687,135-858-64
3201,136-251-65
793,136-584-69
605,136-648-37
2317,136-727-80
3836,136-735-84
2391,137-289-12
3205,137-360-05
2741,137-800-83
3922,137-811-15
3625,138-356-32
4722,138-432-37
3819,138-460-29
4744,138-874-71
2363,138-915-24
3803,139-627-17
2684,139-768-96
3154,139-806-71
2386,139-873-44
2977,140-456-38
3122,140-802-62
1070,141-254-94
2178,142-478-19
4482,142-623-28
2136,142-658-14
3412,142-806-38
1675,142-844-07
1790,142-877-46
2714,143-019-71
745,143-246-08
2108,143-873-43
4158,143-901-70
3175,143-929-71
2460,144-140-32
3770,144-219-47
4252,144-579-93
4118,145-063-47
880,145-107-81
1341,145-118-35
4653,145-226-12
2823,145-249-60
3469,145-334-05
2580,145-537-32
2707,145-603-27
4687,145-604-35
3057,145-746-17
4665,145-899-28
3269,146-243-68
3242,146-445-23
4129,146-477-35
1036,146-987-69
3696,147-183-44
4715,147-349-82
3167,147-610-87
1302,147-868-97
3586,148-586-52
630,148-715-44
1918,149-046-78
2103,149-130-40
2843,149-425-20
801,149-623-79
3066,149-662-30
2752,149-862-10
2887,149-883-85
4657,150-269-95
2637,150-634-96
973,151-560-36
2780,151-696-22
4056,152-134-88
4486,152-302-09
3510,152-778-00
2674,152-923-25
3802,153-010-06
3239,153-012-36
2286,153-050-65
4033,153-158-53
3190,153-569-24
974,153-619-72
4388,153-708-15
4572,153-871-13
3452,154-339-39
2244,154-592-47
2636,155-436-28
2877,155-861-37
4742,155-872-63
2885,155-875-03
3109,155-913-10
3100,156-339-41
1468,156-706-15
1935,156-778-71
2101,157-091-50
2817,157-215-90
4390,157-291-22
530,157-302-49
2818,157-648-49
1034,157-746-26
4359,157-847-04
515,158-229-33
2041,158-383-06
2518,158-651-61
2508,158-700-71
1250,159-022-34
4049,159-124-71
4661,159-234-91
4070,159-507-25
2393,159-569-93
1180,159-826-07
3080,159-940-10
3480,160-050-08
4710,160-301-16
3468,160-711-14
4660,160-816-43
727,161-035-21
1268,161-407-86
2135,162-599-38
614,162-992-38
2740,162-993-65
1020,163-132-78
3746,163-408-77
2195,163-620-81
1803,163-717-76
1465,163-959-01
1220,163-981-58
1517,164-159-00
1344,164-266-65
703,164-809-53
4679,165-056-65
3341,165-369-04
2198,165-429-73
2399,165-438-90
1352,165-468-71
4319,165-778-46
1740,165-926-42
2322,166-109-45
755,166-383-45
1769,166-447-80
832,166-625-06
2045,166-827-01
509,167-103-02
1815,167-119-36
2057,167-272-38
1141,167-391-98
752,167-454-27
2588,167-878-31
3448,168-000-04
2645,168-119-57
2212,168-140-36
1970,168-405-14
4087,168-522-91
2436,169-040-59
2798,169-122-79
3647,169-216-64
2478,170-025-57
4187,170-034-13
3868,170-390-53
1850,170-395-41
2137,170-602-36
3776,170-657-77
2165,170-970-18
3145,171-213-19
3459,171-601-70
2008,171-871-90
598,172-732-28
1985,173-041-02
1817,173-133-82
1389,173-392-83
565,173-431-69
2339,173-530-59
1500,173-705-40
3579,173-956-20
619,174-399-99
2751,174-771-75
1763,174-844-03
4270,174-905-44
2514,175-016-26
2844,175-118-45
3763,175-184-02
1047,175-483-48
2726,175-662-08
2776,175-970-09
2546,176-201-13
4333,176-310-38
2629,176-478-87
2507,176-644-09
1599,176-889-93
904,177-007-56
1375,177-252-33
1561,177-413-98
1115,177-470-55
764,177-501-41
2517,177-541-63
766,177-572-80
3110,177-711-00
942,178-191-49
1946,178-382-00
2971,178-599-54
3524,179-058-00
3483,179-083-03
1667,179-260-86
2907,179-461-74
4186,179-948-00
4622,179-965-30
4460,180-470-78
3906,180-706-59
2892,181-081-56
4701,181-086-56
617,181-548-97
2859,181-618-78
2054,181-872-07
2210,181-958-13
3244,182-055-01
4075,182-195-82
839,182-378-46
3951,182-900-63
1433,183-199-75
4477,183-367-04
4634,183-657-60
3876,183-659-59
2965,183-723-11
2221,183-761-21
4420,183-845-25
2453,184-010-09
672,184-710-00
1717,185-103-24
2143,185-145-45
2211,186-322-79
3630,186-804-52
4047,186-951-65
3583,187-390-92
3571,187-392-77
812,187-393-32
3801,187-429-69
3357,188-653-77
2643,188-729-09
1989,188-855-10
1350,189-089-39
2442,189-112-28
2513,190-159-43
2602,190-605-86
4190,190-624-86
1814,190-749-98
797,190-989-47
3650,191-177-96
2378,191-255-99
4308,191-436-92
1237,191-460-87
3619,191-492-25
653,191-559-10
4210,192-036-34
1584,192-205-10
3255,192-419-75
851,192-499-71
3830,192-862-22
4291,192-987-70
848,193-064-71
3785,193-428-78
2471,193-706-23
1776,193-848-38
3924,194-155-93
1491,194-630-87
1844,195-164-73
620,195-173-71
1940,195-186-72
3039,195-352-95
4256,195-970-57
2532,196-078-65
3688,196-251-53
1788,196-366-19
3007,196-376-45
4000,196-495-32
872,196-629-04
3852,196-812-33
1129,197-140-54
1670,197-298-78
3989,197-329-28
1926,198-283-78
1687,198-508-68
2100,198-909-05
4543,198-931-37
3298,198-950-62
3073,199-190-32
3084,199-215-08
2120,199-350-19
3042,199-586-81
4042,199-884-36
3820,200-448-92
1330,200-857-88
3979,201-156-10
1649,201-425-99
1373,201-595-83
1780,201-632-54
2802,201-787-57
4091,201-974-41
1786,202-942-57
1625,203-128-18
3761,203-450-29
610,203-547-77
4265,203-878-89
4429,203-939-26
3409,204-094-32
3694,204-271-27
3477,204-350-33
1690,204-788-68
4095,204-846-93
1771,204-919-41
1307,205-770-73
4418,205-817-00
1607,205-982-47
3867,206-061-18
1030,206-243-64
2775,206-261-21
4296,206-330-72
4353,206-555-26
4315,206-848-28
4391,206-893-43
2112,206-994-02
3965,207-053-40
4468,207-086-82
2214,207-188-17
1541,207-239-41
3690,207-344-15
1688,207-372-24
2132,207-414-84
2855,207-480-98
2098,207-686-68
2882,207-725-26
1474,208-041-93
2270,208-542-94
4214,209-379-33
4512,209-890-13
1154,209-908-92
3277,210-073-80
4110,210-123-10
701,210-206-37
3398,210-295-22
3648,210-295-52
922,210-374-49
1106,210-438-19
2253,210-601-11
1542,211-045-72
670,211-187-26
1400,211-234-76
3264,211-609-39
2289,211-630-97
2003,211-663-36
4255,211-733-50
3211,211-854-67
4172,211-873-89
1664,211-988-07
4618,212-172-52
3661,212-810-18
4449,212-885-01
2255,213-311-91
4703,213-491-95
2145,213-618-65
2851,213-874-70
3912,215-143-04
1855,215-186-43
4452,215-683-43
3709,216-348-61
4389,216-605-73
4441,216-700-42
994,216-844-21
2083,216-877-40
4517,217-121-85
3067,217-555-89
3795,218-502-41
1696,218-547-10
1326,218-589-00
678,218-670-03
2552,218-773-28
3699,219-062-74
2491,219-219-95
1704,219-251-85
4182,219-340-48
2125,219-416-99
2105,219-572-47
3756,219-650-37
4498,219-884-60
2673,219-962-45
3610,220-023-29
1425,220-498-93
1348,220-567-31
3252,220-576-53
2113,220-584-99
4281,220-855-06
2305,221-039-24
2917,221-148-62
3796,221-720-75
4017,221-786-99
2252,221-854-28
2683,221-903-74
1504,222-057-33
4397,222-165-76
592,222-256-48
2807,222-493-17
2358,222-511-84
4505,222-567-24
3681,222-694-09
3072,222-758-61
2282,223-021-91
4550,223-068-60
945,223-410-07
1511,223-451-01
1266,223-469-03
2201,223-548-55
1503,223-887-86
559,224-483-01
4522,224-636-53
2768,224-698-09
2910,225-291-81
2458,225-707-06
2190,225-709-17
1982,225-725-22
4443,225-856-23
1481,226-027-25
623,226-479-57
2220,226-556-02
1175,226-688-83
1562,226-703-60
2350,226-872-70
3263,226-924-60
3855,227-150-11
3676,227-514-57
2582,227-584-90
1595,227-681-28
1197,227-845-88
4641,227-952-53
1320,228-535-62
3777,228-606-09
1116,228-740-62
4645,229-178-68
2874,229-405-52
844,229-556-86
2753,229-699-44
3176,229-842-04
2524,230-096-99
2433,230-126-05
1009,230-278-30
4680,230-346-77
2516,230-588-58
4507,230-829-66
2950,230-892-09
4234,230-939-58
4332,231-894-38
4153,232-178-94
3533,232-261-58
2559,232-270-70
1428,232-509-22
1151,232-546-12
3442,232-658-93
1697,232-725-50
651,233-256-17
1543,233-354-82
4277,233-468-92
3488,234-189-87
1501,234-239-21
4262,234-450-22
4010,234-724-66
3821,234-863-35
2267,235-806-87
3933,236-045-41
3956,236-073-84
3953,236-199-75
4030,236-279-37
2662,236-375-36
1342,237-299-89
2424,237-633-91
1253,238-057-57
2625,238-134-06
4060,238-322-96
950,238-426-07
4524,238-582-43
3354,239-066-86
2749,239-243-35
2189,239-516-15
2379,239-734-17
3580,239-859-28
2808,239-865-69
4692,240-082-81
1256,240-169-93
1149,240-198-60
3454,240-844-31
4697,240-891-95
2247,240-954-76
1555,241-662-93
986,241-716-65
3099,242-209-74
1733,242-256-78
807,242-460-38
4438,242-946-41
533,243-202-00
1325,243-236-29
3090,243-437-30
2501,243-605-54
3172,243-686-61
1404,243-712-11
4674,243-832-75
1905,244-299-85
965,244-534-63
1114,244-573-90
2998,244-730-68
4061,245-313-83
1908,245-380-94
1085,245-437-38
4183,245-791-85
1879,246-077-59
1712,246-686-39
2964,246-745-32
1727,246-812-10
4297,247-038-54
3911,247-199-89
3147,247-219-37
1187,247-436-32
3433,247-582-92
4624,247-710-42
506,247-784-85
2489,248-520-48
2894,249-061-54
1628,249-239-72
2316,249-595-63
4305,250-075-30
2208,250-093-42
2051,250-107-31
3982,250-452-75
3492,250-849-90
2767,250-895-24
2918,251-647-60
1257,251-686-99
744,252-219-15
3831,252-305-54
1881,252-763-27
2864,252-892-83
4554,252-965-47
4454,253-326-68
1680,253-410-38
3541,253-586-97
1721,253-895-34
3833,254-116-21
2967,254-362-54
3563,254-830-87
4068,254-878-78
751,255-450-24
659,255-628-17
4395,256-330-61
4062,256-337-55
1287,256-452-13
4637,256-499-62
3886,256-604-70
2612,256-622-45
1596,256-819-05
700,257-381-84
2209,257-406-36
1340,257-543-46
1919,258-236-46
4447,258-284-61
4127,258-376-41
2415,258-810-37
3846,258-968-70
1767,259-003-83
3200,259-711-00
699,259-825-60
2866,259-884-54
2697,260-569-00
2011,260-643-63
3069,260-807-91
601,260-867-16
4509,261-014-34
1936,261-437-07
1284,261-532-74
4254,261-671-04
3300,262-128-01
2373,262-135-61
1252,262-374-82
4269,262-485-11
3495,262-540-38
3431,262-568-05
4574,262-736-53
3148,262-869-05
4344,263-476-59
2975,263-630-05
4628,263-707-13
1548,263-712-44
2825,264-053-51
3223,264-394-90
2175,264-460-62
2426,264-489-21
1865,264-533-07
1629,264-915-52
2019,264-941-68
4123,265-018-24
4280,266-220-03
1602,266-537-58
710,266-594-30
3443,266-900-41
4249,267-258-79
4594,267-385-32
536,267-414-66
3297,267-507-63
4272,267-696-97
2328,268-013-14
1997,268-446-41
1204,268-462-96
3793,268-480-56
3125,268-683-51
2477,268-756-86
1081,268-788-17
691,269-097-13
824,269-119-66
2279,269-285-71
1609,269-954-62
1322,270-004-12
1029,270-250-88
2826,270-260-38
2927,270-345-61
4698,271-473-64
4369,271-620-08
2721,271-640-73
2115,272-105-10
2459,272-116-50
1318,272-531-81
1367,272-565-09
4579,272-619-40
4649,272-903-92
3444,272-987-54
2958,273-522-37
3697,273-767-98
3347,273-888-84
3108,273-985-28
1781,274-544-76
4086,274-739-05
3565,275-027-00
1043,275-122-12
2288,275-238-93
2030,275-240-21
3774,275-271-16
2036,275-751-89
4347,275-781-46
1851,275-875-64
1084,275-961-59
2450,276-291-06
2087,276-442-74
4003,276-535-75
4626,276-892-47
4683,276-954-68
507,276-978-30
1694,276-985-19
681,277-161-05
2487,277-654-48
946,277-766-18
3079,277-863-88
1588,277-889-87
4510,278-067-99
1436,278-628-19
2816,278-634-66
3461,278-786-45
1485,278-855-78
4165,278-891-80
3703,279-490-19
923,279-555-00
1928,279-599-50
2354,279-602-91
1515,279-657-99
1269,280-113-45
2462,280-231-56
2183,280-268-23
1523,280-500-49
2027,280-586-13
3702,281-145-54
4311,281-598-29
939,281-622-48
4181,281-636-94
2706,281-790-64
4465,282-171-44
4050,282-525-66
514,282-576-21
3644,282-916-48
4185,282-977-35
1264,283-155-29
3332,283-249-97
2294,283-654-34
1743,283-694-52
894,283-926-02
4689,284-173-95
658,284-388-59
1071,284-502-26
4163,284-528-03
2916,284-614-90
1930,285-093-86
3682,285-776-25
2545,285-809-19
3815,285-988-49
2498,286-096-14
1528,286-273-92
3194,286-445-87
2827,286-644-66
586,287-162-71
2342,287-203-24
1090,287-942-49
1884,288-446-94
3772,288-605-04
1692,288-653-65
1531,288-852-37
1369,288-987-33
1944,289-161-86
3050,289-262-49
2493,289-398-44
1709,290-000-21
3346,290-357-40
1716,290-486-86
759,290-719-85
3494,290-746-36
2130,290-885-13
2118,290-934-11
2248,291-189-07
1603,291-279-01
1185,291-629-54
4178,291-900-83
866,292-154-18
2896,292-229-00
3248,292-360-55
3161,292-729-73
3386,292-742-38
4678,292-867-27
2095,292-933-53
3229,292-985-03
910,292-999-31
1219,293-076-34
3250,293-103-49
4290,293-253-26
4219,293-443-85
4197,293-445-88
2160,293-914-50
2284,293-979-24
632,294-076-27
4415,294-406-05
4206,294-530-93
3279,294-562-34
2745,294-732-53
3668,295-016-48
3520,295-219-34
760,295-461-83
2509,295-701-09
2841,295-869-25
1361,296-006-80
1370,296-139-96
912,296-312-49
3595,296-501-11
3425,296-521-02
576,296-556-37
1999,296-627-80
1963,296-910-03
4682,297-007-30
1233,297-030-64
4713,297-126-94
3473,297-448-77
2748,297-691-19
1497,297-906-90
790,298-100-22
2331,298-256-24
4743,298-550-84
646,298-597-15
4651,298-801-45
4358,298-813-40
4413,299-139-95
1521,299-244-72
4334,299-266-13
1914,299-317-02
774,299-505-71
2997,299-876-13
2888,300-368-92
825,300-688-37
1260,300-786-77
3413,300-929-42
1395,301-204-67
542,301-259-55
4076,301-474-72
4140,301-872-17
1601,301-984-14
3847,302-033-62
1929,302-472-98
1734,303-153-62
1972,303-208-25
4421,303-238-54
685,303-244-88
1331,303-478-52
2655,303-543-46
1691,303-741-48
1227,303-975-04
3385,304-113-56
4293,304-132-16
4289,304-776-61
4335,304-853-22
3414,305-008-84
4559,305-211-67
3466,305-214-71
4349,305-376-91
3240,305-436-47
4667,305-547-10
2685,305-699-51
3527,305-881-29
3338,306-034-88
877,306-106-26
2047,306-117-14
3187,306-131-02
878,306-224-55
3747,306-350-32
3534,307-344-12
584,307-474-58
2979,307-769-82
1372,308-952-86
3669,308-996-43
4560,309-045-66
1464,309-283-04
1449,309-638-97
585,309-659-29
2038,310-541-96
2926,310-646-50
3226,310-947-25
3097,311-426-64
3464,311-631-28
2419,311-705-52
3445,312-046-17
529,312-115-50
3711,312-289-28
3901,312-391-27
3278,312-504-60
3880,312-560-99
3967,312-640-55
2197,312-785-43
1263,312-995-69
2579,313-150-80
2327,313-633-14
2496,313-637-21
2301,313-664-89
4046,313-785-35
1807,313-830-60
1438,314-304-65
1048,314-430-10
1552,314-580-58
3212,314-743-73
1296,314-745-32
2204,315-228-97
2571,315-450-93
3261,315-554-00
3171,315-622-17
4379,315-956-70
4018,316-157-02
1057,316-684-56
3031,316-875-20
3012,316-911-39
3588,316-975-12
1303,317-196-45
2452,317-257-45
4553,317-392-57
2085,317-643-63
2309,318-021-44
4248,318-123-78
2377,318-164-20
1739,319-475-89
1483,319-491-24
3778,319-630-10
1934,320-185-93
1170,320-318-85
2146,321-029-16
4124,321-624-50
858,321-641-95
1117,322-248-81
2037,322-319-25
1255,322-395-95
2991,322-441-06
3507,322-478-53
1042,322-744-15
4133,322-798-68
1707,322-969-73
717,323-155-73
1011,323-432-77
992,323-480-26
3259,323-489-48
4584,323-660-98
3716,323-896-63
2413,323-913-10
2421,323-938-70
1941,324-074-68
4529,324-166-20
680,324-651-63
1254,325-193-29
1059,325-488-67
4015,325-539-30
1192,325-663-94
4339,325-889-82
1618,325-928-55
3038,326-235-31
842,326-706-10
3180,326-749-25
2044,326-932-45
1159,327-486-73
908,327-617-23
762,327-966-55
1177,327-973-39
1293,328-022-82
4119,328-058-46
1055,328-329-04
1617,328-699-61
3575,328-895-70
1809,329-215-05
640,329-374-11
4366,329-939-73
2795,330-483-33
641,330-550-69
3372,330-713-78
595,330-835-53
2529,331-089-54
3117,331-636-77
719,331-796-65
2341,331-908-93
3022,331-959-66
1560,332-135-99
4264,332-144-66
3641,332-162-92
3114,332-198-11
1698,332-755-20
4548,332-802-67
1458,332-858-86
4246,333-013-83
1276,333-091-21
4684,333-466-81
3548,333-473-61
4515,333-762-54
1852,333-925-48
1162,334-028-03
4711,334-141-70
2356,334-399-41
2675,334-464-51
2557,334-659-96
2730,336-372-56
2185,336-654-97
2021,336-920-06
2804,337-172-83
2504,337-235-32
4741,337-256-93
1328,337-314-10
3490,337-496-95
1505,337-571-40
527,337-593-65
1568,338-064-26
1374,338-625-36
757,338-654-12
1921,338-821-86
1673,338-913-06
1834,339-843-13
1125,339-952-74
2072,339-953-89
3519,340-017-51
2088,340-414-63
3934,340-445-68
3382,340-512-71
2963,340-521-21
4074,341-172-91
3216,341-862-66
3677,342-146-22
3973,342-148-80
2585,342-163-39
2488,342-408-23
2640,342-427-58
611,342-510-11
2872,342-688-85
4569,342-710-81
1021,342-963-86
2144,342-964-36
3760,343-073-20
1445,343-230-35
1471,343-332-50
1684,343-508-89
830,343-539-69
1813,343-936-91
2787,344-012-07
4652,344-082-20
3544,344-487-24
1156,345-134-83
3351,345-293-98
4647,345-450-88
1637,345-504-47
1682,345-574-91
1990,346-203-83
4324,346-302-78
2484,346-345-67
2535,346-502-70
3489,346-986-90
2525,347-136-75
1677,347-165-37
4411,347-913-81
888,347-970-94
3406,348-042-00
4487,348-089-32
4695,348-345-90
3196,349-092-28
2531,349-196-98
1101,349-348-04
3962,349-479-10
2992,349-668-41
1593,349-695-97
2688,349-981-71
2086,350-303-34
2937,350-568-32
3033,350-591-90
3665,350-696-82
4434,351-116-08
4097,351-927-18
3981,351-938-31
4404,352-053-05
2502,352-136-68
577,352-195-26
930,352-252-56
2225,352-320-22
1482,352-832-95
3235,352-946-74
3993,352-963-50
2006,353-318-31
1147,353-417-64
1693,353-655-73
1553,354-190-59
3349,354-621-49
1933,354-712-88
683,355-040-10
2207,355-362-48
3654,355-418-94
1311,355-736-86
1104,355-799-98
2348,355-863-82
1623,355-974-71
1393,356-016-03
4621,356-175-52
2621,356-385-27
1524,356-684-96
3345,356-750-72
1130,356-843-61
4078,357-418-23
3273,357-684-85
3203,357-810-82
2951,357-904-90
4459,358-007-93
4493,358-274-53
2782,358-438-54
947,358-503-06
1207,358-761-98
3005,358-793-20
3484,358-916-34
1753,359-073-04
3660,359-255-24
2226,359-455-81
1532,359-916-10
4294,359-999-17
4735,360-045-04
2224,360-229-32
3671,360-318-54
3188,360-400-62
1846,360-422-00
2920,360-437-90
1715,360-568-99
3257,361-213-99
2897,361-647-63
970,361-791-41
503,362-240-39
1363,362-306-84
2332,362-369-38
3493,362-387-05
1073,362-483-84
1793,362-581-01
3667,362-659-47
4176,362-799-03
1343,362-854-53
3536,363-500-07
2263,363-513-45
2962,363-590-82
1875,363-617-98
4589,363-728-87
635,363-755-80
2959,363-839-10
3394,363-977-28
1600,364-066-17
2699,364-756-81
1294,364-806-93
3910,364-899-22
1097,365-140-20
3450,365-358-72
3535,365-841-87
2586,365-988-16
3936,366-054-87
841,366-154-45
2848,366-728-48
3781,366-884-23
3771,367-041-41
3198,367-728-37
2422,368-071-74
756,368-403-68
3773,369-433-35
3788,369-672-33
3026,370-286-24
3570,370-506-77
4063,370-731-22
596,370-803-19
2806,370-826-45
3331,371-001-34
3037,371-032-90
3267,371-077-33
1167,371-212-21
3767,371-670-39
2794,371-774-75
568,371-786-66
808,372-177-28
3811,372-307-60
2384,373-136-03
1886,373-555-96
1986,373-685-42
3062,373-928-84
3853,374-344-48
2652,374-358-51
3828,374-442-27
3547,374-613-68
3974,374-621-18
2133,375-156-17
3335,375-370-86
3693,375-481-90
2785,375-510-47
1911,375-705-82
3068,375-772-26
1161,375-808-31
3166,376-101-92
2619,376-520-59
1569,376-832-76
4266,376-914-46
3789,377-447-14
1961,377-502-44
1755,377-820-64
3104,377-908-58
2797,378-014-25
2968,378-135-11
662,378-594-39
4114,379-067-44
2609,379-163-03
989,379-248-97
3306,379-310-04
3439,379-345-46
1347,379-900-81
1128,379-908-15
1181,380-011-19
2940,380-658-98
3168,380-815-36
2359,380-857-44
3404,380-976-10
1874,381-181-90
981,381-188-98
3177,381-317-72
3818,381-387-52
4104,382-024-63
3129,382-027-87
2410,382-051-02
952,382-950-19
1113,383-065-28
1377,383-480-37
4241,383-675-68
3366,383-717-64
3725,383-775-38
3955,383-831-64
3225,383-848-41
1784,383-965-94
545,384-225-08
3319,384-260-25
3427,384-891-33
4121,385-162-55
3162,385-189-60
3228,385-282-18
3980,385-318-15
3329,385-321-25
4387,385-467-26
2766,386-032-59
761,386-043-41
4448,386-110-15
3052,386-472-05
2499,386-905-76
4096,386-980-87
2202,387-082-85
3718,387-548-64
1423,387-895-49
4513,387-972-39
608,388-066-66
1806,388-181-63
3476,388-455-08
2114,388-638-13
1069,389-061-49
4117,389-322-47
1100,389-529-82
2281,389-533-20
2308,389-580-75
1044,389-608-18
4386,389-890-34
2547,389-904-69
1416,389-957-10
4108,390-341-13
1870,390-628-08
4481,390-649-13
2970,391-084-05
2836,391-400-45
1006,391-406-91
4534,391-499-90
1635,391-661-46
1728,391-989-23
1759,392-152-26
1714,392-345-74
1645,392-655-80
3685,392-846-59
4400,392-914-31
1988,393-001-15
2594,393-081-80
2809,393-342-75
3391,393-659-58
3280,393-666-85
2606,393-733-59
4532,393-957-74
1431,394-482-91
1822,395-118-63
1093,395-627-16
1616,395-734-81
4367,396-262-99
1444,396-355-20
3720,397-247-44
2821,397-617-98
795,397-630-07
1559,397-758-75
4658,398-016-39
1827,398-047-86
4250,398-081-69
2275,398-102-65
776,398-167-71
3165,398-598-42
809,398-690-68
2176,399-059-26
916,399-359-93
2163,399-418-96
1140,399-488-11
4745,399-539-59
3937,399-555-41
3376,399-764-52
3429,400-075-60
4109,400-079-07
893,400-316-86
4409,400-619-69
1605,400-775-60
2923,401-051-19
3949,401-215-92
1864,401-317-33
2218,401-369-47
522,401-896-53
1045,402-481-63
3807,402-495-56
1904,402-751-81
2302,403-264-57
2389,403-342-02
3545,403-415-59
4646,403-634-99
4693,403-846-11
4580,403-898-27
3864,404-040-76
4558,404-213-23
4284,404-257-05
2455,404-646-00
2479,405-332-45
1770,405-408-02
3289,405-437-89
1285,405-536-60
4677,406-059-63
1570,406-148-06
1033,406-257-07
3603,406-303-09
4630,406-491-95
3988,406-501-14
3458,406-984-96
1703,407-278-19
4267,407-587-46
1903,407-744-83
937,408-082-39
3082,408-100-69
500,408-121-93
1199,408-404-85
883,408-431-98
3032,408-768-38
2889,408-932-38
1380,409-131-13
3270,409-613-49
3600,409-675-88
821,409-831-97
1971,409-985-29
2315,410-208-11
2931,410-616-75
1869,410-833-08
2871,410-956-91
1460,411-165-46
3379,411-172-67
4251,411-231-55
1018,412-251-85
4439,412-261-43
4329,412-367-99
2900,412-693-86
2123,413-204-86
4671,413-257-38
3686,413-514-10
2994,413-731-47
1729,414-169-27
1223,414-249-33
2033,414-701-74
838,414-732-72
4352,414-812-83
1119,414-944-34
2056,415-063-53
1333,415-094-08
2473,415-404-40
1825,415-966-95
926,416-388-99
3952,416-420-37
4462,416-750-63
1621,416-953-77
1060,417-041-20
663,417-237-42
3950,417-282-10
682,417-441-54
2972,417-686-53
2731,418-223-71
4071,418-342-55
4433,418-364-11
1958,418-745-14
4373,419-024-71
3340,419-097-31
4504,419-442-08
1506,419-926-02
1888,420-009-94
788,420-223-81
1133,420-337-06
3858,420-423-63
2005,420-649-59
4089,421-199-55
977,421-547-49
713,421-605-80
1172,421-760-64
505,422-740-48
1575,422-892-69
4538,423-136-73
2756,423-636-05
2429,423-721-77
4148,423-743-78
1023,423-859-03
1424,424-001-09
3806,424-853-12
2905,425-227-16
2141,425-403-80
3941,425-943-97
625,425-948-29
588,425-999-24
714,426-264-16
1281,426-299-59
3576,426-364-87
1421,426-877-24
976,427-034-90
3885,427-161-18
2155,427-397-54
502,427-828-00
967,427-834-44
575,427-956-61
1652,428-290-01
1558,428-759-40
1195,429-943-76
580,430-036-62
1922,430-453-01
4310,430-611-19
3824,431-195-59
3891,431-264-24
3367,431-668-02
3098,431-711-56
831,431-809-24
2574,432-212-94
4536,432-239-04
702,432-478-69
804,433-157-82
3126,433-177-98
3539,433-227-96
3825,433-438-18
4592,433-763-70
2241,434-034-00
1366,434-101-87
876,434-162-73
1665,434-254-15
3258,434-385-14
1785,435-082-31
2313,435-139-95
3923,435-319-49
4038,435-518-75
2390,435-803-20
3978,435-920-56
2119,435-992-63
3862,436-263-39
2983,436-274-96
999,436-407-46
2664,436-517-66
510,436-538-42
1429,436-659-49
650,437-208-78
693,437-222-54
4220,437-242-41
1126,437-328-16
1847,437-582-22
1382,438-294-25
1681,438-297-33
1612,438-509-12
2260,438-714-28
1351,439-301-22
1676,439-461-00
4073,439-477-60
915,439-706-96
4644,439-800-55
4597,440-411-10
1843,440-416-54
1889,440-444-24
3078,440-471-94
1642,440-556-99
1182,440-764-21
899,440-911-80
3101,440-970-66
4730,441-001-47
3887,441-026-35
2772,441-094-48
2073,441-124-94
3593,441-258-17
2392,441-344-14
742,441-411-59
3455,441-779-43
4314,441-812-70
1309,441-868-39
988,441-974-70
2922,442-026-47
2336,442-090-61
1902,442-378-05
775,442-416-03
1789,442-556-17
3074,442-659-65
3254,443-271-04
3529,443-498-62
1062,444-432-17
2150,444-432-93
1522,444-997-99
3975,445-533-41
2996,445-591-49
4557,446-715-98
1627,447-039-49
3438,447-674-93
934,447-705-21
4705,447-808-90
907,447-872-61
2344,447-931-74
1582,448-117-90
1477,448-363-48
2912,448-483-43
3905,448-912-09
2603,449-024-55
3658,449-142-36
1798,449-337-41
4669,449-761-39
4632,449-764-41
4318,449-814-49
1432,449-865-56
853,450-487-14
1897,451-113-44
1217,451-134-04
1529,451-158-84
2371,451-178-12
3295,451-413-28
3810,451-470-06
2784,451-488-12
729,451-513-54
2191,451-545-55
747,451-590-28
1540,452-094-96
3604,452-435-71
3607,452-577-55
4461,452-688-56
1209,452-735-67
3219,452-966-22
2187,453-014-20
2815,453-070-38
3599,453-423-91
4342,453-779-06
3326,454-610-80
3755,454-620-21
2049,454-814-82
1953,455-101-41
4590,455-108-66
4302,455-123-74
3178,455-222-28
4371,455-226-46
1329,455-315-23
2903,455-627-14
763,455-966-74
3841,456-826-18
1354,456-949-88
4470,456-980-40
1720,457-096-28
861,457-145-07
1486,457-233-15
3605,457-426-81
3399,457-897-24
4142,458-239-22
1488,458-260-96
3381,458-718-44
4431,458-894-51
3963,459-105-73
1396,460-343-45
1376,460-752-35
1556,460-864-75
2287,461-514-10
2485,462-013-87
901,462-294-54
3230,462-454-58
1901,462-599-10
3673,462-922-79
2016,463-136-76
1909,463-199-10
1137,463-288-66
1083,463-312-69
4636,463-442-27
2395,463-552-61
3419,463-603-51
2698,463-791-56
1951,463-844-35
1039,463-964-41
1082,464-067-38
2733,464-217-43
2663,464-446-04
4139,464-620-60
1954,464-873-52
2428,464-899-53
3112,465-768-86
1912,466-024-66
2071,466-764-77
3517,466-794-11
4364,466-841-92
4208,467-045-09
3063,467-055-63
4043,467-354-00
4216,467-374-47
633,467-432-65
2306,467-690-32
3056,468-040-03
2982,468-180-40
3987,468-269-87
2186,468-881-18
856,470-045-00
3424,470-071-61
4150,470-407-60
4402,470-497-60
3707,470-722-02
4571,471-104-00
4527,471-164-99
3997,471-842-95
2179,471-884-92
1273,472-215-16
2361,473-004-71
2362,473-171-49
2259,473-450-91
2736,473-725-20
721,474-410-26
4094,474-424-43
1557,474-668-45
3812,474-727-61
4546,474-997-21
2575,475-177-53
4393,475-393-50
2593,475-491-07
1895,475-503-22
2402,475-605-71
1659,475-670-44
4436,475-849-87
3403,476-487-62
1802,476-507-79
1145,476-604-60
4102,476-646-64
4405,476-648-91
1359,476-661-05
4201,476-827-64
2443,476-920-43
3102,476-921-62
3358,477-019-44
1774,477-027-01
1443,477-325-69
4260,477-474-58
4054,477-650-48
978,477-830-66
2405,478-176-31
1896,478-218-36
4541,478-220-66
736,478-774-80
1165,479-372-33
1095,479-593-12
3096,480-279-01
1388,480-662-67
2079,480-785-80
840,481-022-68
879,481-300-28
2107,481-479-41
2713,481-963-69
4151,482-222-17
1078,482-503-89
4053,482-742-66
2110,482-996-59
4480,483-015-35
3140,484-326-83
1213,484-341-72
4591,484-567-72
1203,484-602-99
3904,485-036-61
2290,485-142-33
3706,485-288-88
1390,485-544-07
1417,485-730-52
3460,485-797-05
3491,486-559-95
4484,486-972-73
1536,487-633-28
3019,487-831-90
2566,487-953-53
4174,488-049-41
4236,488-330-60
1383,488-389-07
1931,488-675-21
1719,488-739-01
3692,488-801-00
2867,488-997-09
2879,489-000-86
1381,489-078-16
2213,489-643-83
1054,489-792-93
1446,489-960-09
1620,490-018-60
2884,490-054-40
3179,491-012-72
4093,491-105-30
3556,492-276-76
3590,492-818-45
2828,493-307-61
2932,493-353-95
1403,493-376-44
2116,493-794-84
4007,493-917-65
1087,493-999-93
3516,494-008-16
3723,494-113-05
628,494-174-97
902,494-396-36
3077,494-773-26
3291,494-775-92
3453,494-846-12
2310,494-989-93
2686,495-959-40
4345,496-048-80
1178,496-175-56
949,496-438-88
2788,496-471-02
803,496-498-91
4748,496-538-42
2793,496-603-13
3656,496-659-91
3960,496-739-55
2055,496-794-26
4325,497-262-71
1708,497-292-05
4719,497-509-92
3798,497-624-12
2710,497-687-38
1859,497-793-12
3420,497-954-73
863,498-011-49
2457,498-031-49
3649,498-090-75
4193,498-230-18
3866,498-286-42
3253,498-296-61
1058,498-362-55
645,498-473-22
2870,498-523-72
1089,498-604-71
2805,498-617-34
3485,499-175-74
2891,499-522-57
615,500-017-17
998,500-814-08
4130,500-837-44
3557,501-010-89
3234,501-030-50
3002,501-142-46
4648,501-545-02
1229,501-667-94
1749,501-683-53
3663,501-985-82
2764,502-330-86
643,502-442-50
604,502-557-32
2277,502-784-05
1000,502-869-71
3914,503-023-33
3651,503-545-60
1049,503-557-68
669,503-994-35
1507,504-151-50
1724,504-322-97
1402,504-427-09
3843,504-988-93
3327,505-210-05
2976,505-404-05
4128,505-592-58
2729,505-787-77
3521,505-987-67
791,506-151-51
2271,506-361-22
1656,506-677-81
2638,506-682-83
3779,506-831-49
2296,506-888-66
1857,507-352-44
3758,507-689-89
3184,507-730-68
787,508-709-89
2737,508-897-74
4004,508-914-69
924,509-132-06
1915,509-136-85
4747,509-504-41
4394,509-569-92
854,509-589-74
1469,509-635-65
1794,510-231-23
1448,510-922-67
1335,511-109-30
898,511-121-81
1530,511-706-90
2835,511-890-96
798,511-908-30
590,512-363-87
3475,512-802-35
820,512-866-94
1608,513-058-44
3872,513-092-17
2278,513-094-67
3664,513-117-44
3560,513-598-93
2476,513-834-55
1490,514-458-90
675,514-543-33
1013,514-555-90
829,514-777-69
4191,514-930-13
3256,515-218-98
3003,515-384-61
2031,515-499-54
3025,515-709-04
4563,515-808-27
3883,515-894-10
4472,515-919-57
1337,516-114-72
3928,516-223-47
3296,516-563-50
4620,516-773-83
4276,517-307-12
661,517-649-87
2368,517-664-26
2162,517-776-69
1112,517-986-31
963,518-208-67
4009,518-282-65
3976,518-527-38
3392,518-868-55
2783,518-915-39
2796,519-003-63
4331,519-045-19
1974,519-112-05
1668,520-203-51
4700,520-300-94
2906,521-027-80
1430,521-046-24
3715,521-084-18
1314,521-100-74
2717,521-374-18
2168,521-563-12
2017,521-741-32
3238,521-793-77
2986,521-950-45
1364,522-322-08
600,522-336-21
1292,522-518-69
2543,522-795-49
1419,522-876-81
2792,522-913-39
2381,523-058-02
3748,523-267-54
2156,523-448-11
817,524-731-68
2678,524-846-16
2374,524-894-89
2760,524-955-54
587,525-179-90
3754,525-474-14
1272,525-652-38
2382,525-721-14
3925,526-164-73
3614,526-458-22
1218,526-577-32
1839,527-234-49
2217,527-468-92
2357,527-713-27
1121,527-762-18
1238,527-851-85
508,527-936-69
3884,528-637-46
2667,528-682-37
3415,529-062-18
634,529-809-52
2562,529-856-35
1653,529-907-15
4544,530-468-70
3902,530-594-96
1221,530-741-17
4014,531-417-48
3208,531-542-25
2600,531-731-56
4312,531-746-69
1891,531-818-36
2570,532-035-16
2801,532-184-99
558,532-197-43
4610,532-345-86
3388,532-975-83
1008,533-104-06
4490,533-580-19
2719,533-715-02
935,533-813-34
554,534-059-05
2161,534-482-17
925,534-571-42
4154,534-675-87
3780,534-764-34
3008,534-870-53
1773,534-913-34
3119,534-946-89
2898,535-040-06
2138,535-510-37
1563,535-618-41
4673,535-931-35
4023,536-007-49
2993,536-048-54
2811,536-221-19
2814,536-816-53
3596,536-952-24
655,537-389-56
3164,537-734-53
1937,537-762-82
3999,538-281-75
3035,539-405-60
3972,539-762-46
3672,539-944-91
1267,540-129-62
2576,540-345-97
2084,540-642-11
1290,541-209-40
1064,542-061-98
4728,542-099-86
1150,542-331-31
3303,542-433-99
2157,542-467-18
753,542-617-41
3730,542-976-14
1136,543-466-24
2578,543-750-92
4161,543-927-24
2240,544-076-95
3888,544-172-43
3526,544-436-22
3474,544-455-67
613,544-810-13
2863,545-200-42
3498,545-301-64
4374,545-874-50
2589,546-369-90
3817,546-430-78
1378,546-743-41
3287,546-880-87
4633,547-292-74
1157,547-653-28
3410,547-842-93
3537,548-110-85
3138,548-207-14
1655,548-564-84
2140,548-696-01
3333,548-764-69
3631,549-014-95
3405,549-021-46
2911,549-106-14
2941,549-311-78
4417,549-335-53
583,549-673-17
3174,550-113-13
4213,550-206-29
3893,550-594-56
4036,550-599-97
562,550-694-65
1188,551-093-65
1539,551-304-81
4338,551-345-97
1379,551-622-04
765,551-640-47
2022,551-784-71
3192,552-141-12
3512,552-303-93
1385,552-373-49
665,552-515-97
2919,552-522-06
2902,552-600-27
2372,553-457-26
2696,553-851-96
4430,553-902-88
4143,554-054-47
1074,554-134-41
589,554-375-46
3265,554-461-22
3369,554-671-84
1037,554-697-94
2480,554-831-25
2568,554-882-38
1631,555-141-08
1259,555-207-78
2188,555-367-46
1701,555-753-00
1411,556-265-74
2431,556-507-08
4607,556-772-79
3854,556-941-74
4740,557-111-84
2026,557-603-75
1211,557-754-83
4227,557-809-05
1032,558-034-88
3838,558-290-51
1334,558-292-93
2537,558-624-52
3522,558-802-35
1861,559-195-96
1842,559-724-18
1134,559-727-77
754,559-760-13
548,559-766-86
4670,560-295-80
4300,560-337-62
3753,560-470-38
1230,560-512-35
2355,560-876-22
517,561-167-26
1718,561-543-95
4588,561-926-15
4473,562-075-18
1978,562-124-47
2231,562-212-34
4511,562-430-95
3323,562-491-84
1248,562-826-75
2470,562-856-26
3160,563-458-22
2159,564-011-27
1067,564-120-71
3463,564-128-13
1401,564-223-04
1251,564-320-67
1005,564-583-99
3133,564-697-75
4032,564-733-05
1094,564-896-83
843,564-981-35
1098,565-067-61
1592,565-214-09
956,565-604-59
4275,566-420-79
4011,566-765-55
3006,568-050-96
1674,568-236-61
3670,568-719-77
2739,569-204-89
3531,569-429-74
3678,569-466-22
4292,569-641-00
3845,569-681-87
677,569-922-46
2060,569-930-55
3917,570-107-63
3598,570-113-03
3486,570-250-81
688,570-320-10
3370,570-398-61
3860,570-407-85
3714,570-450-69
3932,570-489-91
995,570-552-50
1550,570-580-72
4501,570-866-33
2765,571-291-71
1994,571-530-80
557,571-532-14
2758,571-615-64
578,572-049-66
1234,572-432-20
1304,572-670-09
3592,572-798-34
1732,572-812-74
1277,572-814-80
3848,572-830-48
2833,573-129-15
758,573-566-38
660,573-570-85
3356,573-585-52
3727,573-668-49
3835,573-841-61
1392,574-335-60
1422,574-397-30
1394,574-596-22
4596,574-765-04
3274,574-930-52
2018,575-036-09
4599,575-495-01
2781,575-828-96
3745,575-952-92
1736,576-095-74
2246,576-921-19
3088,576-983-68
835,577-391-13
2497,577-459-79
3087,577-470-74
3994,577-570-51
4566,577-679-59
2067,577-879-63
4694,578-043-79
2610,578-179-83
3132,578-606-70
4547,578-723-81
3401,579-145-97
3353,579-147-50
1723,579-158-23
1801,579-206-96
4112,579-267-86
4245,579-425-28
3996,579-438-39
2307,579-483-56
3418,579-535-00
2091,579-557-82
2800,579-955-48
692,580-355-75
642,580-462-65
3134,580-492-51
2676,580-730-12
648,580-792-14
731,581-071-16
534,581-362-77
2196,581-673-49
771,581-703-24
567,581-709-84
3156,581-978-58
4131,581-998-41
4019,582-328-69
971,582-411-57
4259,582-651-92
4263,582-749-54
3805,582-862-82
1014,582-948-22
2627,582-951-68
2219,584-233-62
1242,585-181-36
2909,585-200-79
4422,585-313-65
2403,585-350-43
3283,585-372-05
1899,585-400-93
572,585-854-49
1610,586-014-24
4002,586-129-85
4655,586-156-52
712,586-262-89
4113,586-563-39
3481,586-821-01
3324,587-014-51
704,587-181-59
3482,587-483-62
2949,587-652-68
3268,587-726-88
3143,587-749-00
3146,587-988-49
3674,588-070-65
2960,588-122-19
2154,589-096-66
4240,589-097-01
4309,589-838-94
1626,590-142-08
1876,590-850-82
4242,591-498-36
2573,591-699-75
4451,591-968-62
1632,592-006-84
2448,592-024-82
2025,592-128-54
1358,592-284-49
3064,592-422-43
3151,592-457-90
4258,592-476-05
3844,592-523-72
972,592-742-69
3457,593-221-89
3792,593-377-60
4107,593-405-78
4323,593-439-95
3572,593-566-21
3642,593-620-96
2236,593-636-68
2642,593-695-39
2092,593-743-00
1651,593-879-76
2856,594-042-31
3684,594-042-87
2216,594-253-93
3879,594-342-36
1613,594-922-69
4057,594-975-47
1830,595-300-78
1245,595-695-94
1283,595-756-57
2052,595-924-75
3700,596-453-99
4428,596-882-28
1821,596-969-95
3897,597-061-99
3691,597-071-69
4351,597-327-54
2347,597-879-15
1947,598-611-46
2227,598-913-91
1142,599-070-85
865,599-158-42
4456,599-163-80
1467,599-184-58
2746,599-635-79
2598,600-042-61
1948,600-683-15
4085,600-867-67
3456,600-878-79
1894,601-061-42
2928,601-280-24
571,601-314-05
4301,601-722-18
2065,601-737-29
1201,602-307-78
1679,602-681-87
2584,602-752-82
2205,602-993-49
958,603-301-28
570,603-313-88
3584,603-638-55
4016,603-719-80
3945,603-776-84
2170,604-155-91
2865,604-191-47
3635,604-270-12
4688,604-281-88
2334,604-719-04
1932,605-197-72
1795,605-242-92
3618,605-484-73
2324,605-525-83
2955,605-535-23
2924,605-652-77
1295,605-698-67
1442,605-750-94
673,605-959-18
552,606-091-57
2839,606-319-37
3509,606-953-61
4169,607-257-99
3447,607-371-93
3708,607-810-97
4686,608-225-56
723,608-285-97
544,608-753-94
4442,608-791-61
4676,609-191-57
1640,609-891-45
2109,610-207-80
1661,610-340-77
2641,610-447-96
4173,610-462-31
4491,610-728-09
1824,610-864-48
2149,610-937-07
4001,611-094-24
3153,611-102-67
599,611-175-94
4261,611-956-95
4455,612-036-46
1439,612-330-37
3627,612-519-92
3081,612-553-98
3787,612-982-03
3371,613-084-11
991,613-408-02
4303,613-452-72
3018,613-763-68
2555,613-826-82
3530,614-084-29
3342,614-745-05
2583,615-026-22
1519,615-375-29
2346,615-514-53
2482,615-655-03
2791,615-970-46
1549,616-394-92
4092,616-470-96
1647,616-577-46
2607,616-673-54
2483,616-997-39
4732,617-030-23
3121,617-188-48
1153,617-381-30
1747,617-798-92
4464,618-026-00
3288,618-222-80
3362,618-230-17
3282,618-726-90
3750,618-809-09
1051,618-945-77
1831,619-189-26
1705,619-225-10
1913,619-232-35
3823,619-377-43
4238,619-690-80
3316,619-963-84
3028,619-986-88
3083,620-268-49
1808,620-284-91
1754,620-315-46
2250,620-320-11
3679,620-810-12
4639,621-156-62
549,621-196-23
4101,622-548-86
2824,622-732-37
540,622-797-40
4365,623-142-37
2264,623-165-95
1872,623-261-51
3957,623-742-30
785,624-069-70
4138,624-463-39
1783,624-479-52
746,625-034-84
3804,625-297-93
1641,625-323-40
2414,625-454-15
2604,625-627-04
574,626-016-43
1173,626-377-05
2732,626-503-94
2587,626-653-29
2790,626-697-28
684,626-829-50
3397,626-905-07
4516,626-980-33
3687,627-047-60
3729,627-052-63
4156,627-252-99
1816,627-361-05
2059,627-540-42
4322,627-713-85
867,628-008-73
1189,628-057-26
3515,628-217-14
652,628-822-17
4341,629-091-24
1053,629-432-47
805,629-509-23
1275,630-142-85
3895,630-681-50
2649,630-780-64
1751,631-069-32
1028,631-180-88
2064,631-271-79
813,631-734-84
911,632-207-70
1243,632-394-79
4401,632-407-70
4336,632-738-85
3739,632-872-42
1459,633-040-51
3538,633-149-79
3004,633-353-93
1828,633-374-41
3426,633-589-76
3359,633-762-87
1566,634-122-69
4235,634-156-63
4257,634-453-03
4377,634-481-80
1534,634-622-24
3113,634-692-68
3120,634-854-33
566,634-874-63
4215,634-876-91
2388,635-130-38
2261,635-889-45
2456,636-168-67
2300,636-408-72
1597,636-411-20
1975,636-426-36
1893,636-435-64
4642,636-747-19
2987,636-763-47
3916,636-997-32
649,637-010-44
4733,637-079-71
3377,637-198-39
4514,637-274-36
3837,637-936-18
1829,638-586-16
2720,638-867-20
4313,639-056-72
1236,639-192-29
4362,639-318-01
1854,639-370-58
1408,639-569-01
2520,639-777-31
4106,639-808-94
2761,639-878-46
3985,640-055-14
3791,640-127-61
1206,640-128-28
2080,640-339-30
1282,640-355-23
2061,640-392-61
2829,640-830-28
2656,640-957-29
1179,641-028-79
2630,641-079-88
3666,641-146-65
2409,641-467-76
2718,641-626-89
3135,641-710-49
3432,642-086-77
1139,642-284-80
1077,642-580-46
1143,642-622-65
639,643-145-33
3262,643-280-88
4576,643-351-74
513,643-466-91
1109,643-544-18
711,643-848-21
4577,644-080-94
3241,644-165-03
602,644-612-74
1976,644-650-72
1339,644-698-82
4132,644-736-08
2693,644-882-32
4077,645-117-03
3046,645-118-22
799,645-620-43
1226,645-768-91
1800,646-125-64
4228,646-147-69
2449,646-293-92
3634,646-459-41
2770,646-473-54
547,646-480-11
3842,646-754-69
3206,647-696-88
4613,647-933-71
1571,648-063-67
2700,648-323-17
2735,648-357-60
1212,648-587-44
4080,649-277-29
2063,649-753-73
2075,649-839-73
689,649-848-31
553,650-167-98
3222,650-285-48
1924,650-338-38
4360,650-647-66
1509,650-710-73
3947,650-813-56
1520,650-889-11
1939,650-926-89
786,650-939-59
1882,651-378-22
561,651-502-93
4496,651-591-32
3615,651-764-66
4585,651-901-95
3728,652-132-64
2533,652-254-01
955,652-409-02
1457,652-490-94
3984,652-521-57
3800,652-558-81
1063,652-581-55
2369,652-779-73
4446,652-893-35
1041,653-114-26
2952,653-267-75
2929,653-301-52
2946,653-338-14
1730,653-423-40
3065,653-493-25
3926,653-923-53
3043,653-948-45
2747,653-952-69
4727,654-247-51
4720,654-289-74
3139,654-395-80
4593,654-656-83
695,655-213-84
2020,655-773-53
3094,656-061-52
4287,656-169-74
1158,656-513-22
2430,657-114-17
1778,657-148-50
2893,657-156-95
1669,657-225-17
3587,657-409-59
869,657-561-64
1760,657-837-24
887,657-886-53
2463,657-938-97
4450,658-446-51
2661,658-538-66
555,658-601-71
4631,658-627-36
3423,658-852-61
1650,659-139-82
3320,659-231-84
3157,659-407-63
1349,659-469-09
3551,659-652-80
3757,659-740-33
1164,659-861-71
855,659-901-29
720,660-228-56
2553,660-297-21
3518,660-442-35
2631,660-997-71
629,661-351-05
983,661-481-78
1833,661-543-27
2151,661-566-62
1440,661-731-79
1979,661-921-29
4274,662-064-10
4398,662-234-79
3633,662-547-67
2659,662-973-51
1853,663-067-82
521,663-337-48
686,663-757-83
1353,663-808-32
1779,664-090-09
3938,664-167-93
4192,664-263-14
3652,664-319-80
4608,664-490-05
957,664-506-49
3387,664-632-95
3430,664-713-04
1787,664-739-82
3137,664-778-83
1666,664-833-51
3124,665-038-45
2475,665-366-39
4022,665-385-78
4440,666-029-60
1551,666-063-18
800,666-105-24
504,666-773-17
1964,667-217-62
2692,667-402-02
1225,667-660-76
2510,668-432-13
2234,668-444-53
597,668-510-37
3202,668-537-33
4008,668-549-96
4184,668-593-93
3832,668-805-12
3395,668-850-57
4164,668-882-20
579,668-884-39
4327,669-058-04
4356,669-302-84
1775,669-436-42
4166,669-454-39
4416,669-727-89
4204,669-738-20
3861,669-947-14
3290,670-132-22
3352,670-319-13
4681,671-351-53
4675,671-451-05
1088,671-602-50
3930,671-801-00
1022,671-824-82
4189,672-093-19
1849,672-738-00
2423,672-777-39
4378,672-892-92
1002,673-017-60
1711,673-166-48
4188,673-355-11
1683,673-386-67
1196,673-428-54
4368,673-904-47
781,674-553-64
1010,674-817-47
2773,674-981-84
1480,675-481-60
3573,675-799-97
779,676-129-58
1261,676-408-25
4384,676-651-33
3243,676-690-24
1016,676-698-79
3734,677-051-26
4508,677-145-89
1174,677-441-08
2223,677-786-30
2472,678-411-15
3497,678-635-06
4217,678-668-77
4350,679-028-89
1927,679-037-66
750,679-114-08
4072,679-280-25
2724,679-684-92
2989,679-737-00
778,679-876-69
2622,680-089-99
2438,680-428-26
698,680-604-58
1148,680-640-41
3364,680-717-21
3276,681-037-35
896,681-090-04
3913,681-159-27
3639,681-333-13
1644,681-616-02
3070,681-749-33
4714,682-203-47
2454,682-208-43
2434,682-702-53
627,682-737-25
2560,682-914-28
696,682-928-40
1579,683-185-00
728,683-618-09
3152,683-954-25
4065,684-088-32
3249,684-356-72
4041,684-360-14
3659,684-365-83
2182,684-659-20
3983,684-666-27
3724,684-885-39
3640,685-056-34
909,685-203-23
2035,685-241-10
1346,685-314-43
4629,685-386-88
4383,685-557-34
870,685-585-26
2778,685-692-87
2184,685-922-46
2541,686-372-33
3441,686-600-18
1298,686-920-03
1943,687-049-28
3915,687-171-22
2755,687-418-33
1973,687-538-57
3636,687-778-83
4170,687-854-32
4135,687-928-47
1533,687-946-19
3995,688-150-38
2842,688-382-32
4105,688-580-29
3907,688-786-35
1437,689-050-34
1291,689-204-93
1977,689-302-38
2365,689-452-78
4611,690-027-66
881,690-292-04
2425,690-613-53
1689,690-732-83
2074,690-756-15
985,690-866-20
1453,690-973-75
1099,691-171-44
2078,691-254-30
3998,691-596-04
2890,691-723-71
4221,691-887-06
1841,691-889-71
3118,692-023-45
2174,692-431-01
927,692-467-09
4625,692-675-74
3260,692-748-77
4635,692-818-80
3182,692-993-20
3470,693-224-25
3055,693-346-26
1636,693-603-54
1744,693-687-92
918,693-781-17
2042,694-180-03
3048,694-203-46
4031,694-509-04
780,695-019-22
1772,695-742-81
1040,695-922-21
1492,696-058-53
906,696-246-34
3232,696-425-56
2704,696-461-83
4355,696-732-62
1818,697-061-47
531,697-116-42
4283,697-263-25
3698,697-416-95
3030,697-452-51
1984,697-547-71
4528,697-832-75
2981,697-834-49
694,697-879-68
2420,698-027-03
2194,698-147-29
2312,698-505-24
1321,698-546-28
3054,699-189-63
3247,699-331-75
2325,699-874-67
3990,700-378-02
618,701-123-88
4435,701-409-19
3024,701-433-19
2644,701-450-39
3638,702-043-42
849,702-359-33
2469,702-570-03
4212,702-925-66
2024,703-205-01
4195,703-393-30
4445,703-411-84
806,703-611-50
3251,703-871-44
2650,704-069-71
1907,704-271-20
3272,704-500-11
676,704-700-44
1356,705-000-31
792,705-867-41
3782,706-496-94
3732,707-073-72
3027,707-101-72
2407,707-495-58
4619,707-594-38
1606,707-894-11
4729,708-107-03
3719,708-131-07
2620,708-595-13
3334,708-691-77
2623,708-855-65
4361,709-032-13
2913,709-063-83
3103,709-093-73
3797,709-159-72
834,709-281-74
4531,709-333-43
626,709-434-89
2521,709-675-76
4540,709-705-24
1384,710-048-99
3623,710-559-48
3086,711-549-96
3311,711-561-49
4160,711-571-07
913,711-865-42
2942,711-946-83
932,712-213-61
4709,712-296-59
4526,712-587-84
4199,712-946-35
1791,713-569-11
4137,713-588-20
1310,713-601-34
2881,713-782-34
2831,713-785-34
846,713-895-82
2813,714-077-00
2624,714-265-32
2615,714-352-15
2200,714-581-65
1289,714-828-22
936,714-883-75
1624,715-225-40
4704,715-375-57
3628,715-892-29
2233,716-044-19
1762,716-420-26
4330,717-367-04
3601,717-613-87
2326,717-886-89
1214,717-909-19
1454,718-326-80
3149,718-346-20
2243,719-118-02
4723,719-131-69
889,719-776-28
3325,720-031-47
573,720-228-62
1386,720-295-35
3193,720-566-81
3350,720-916-99
1434,721-138-05
3304,721-163-19
1862,721-415-78
784,722-063-14
1169,722-148-05
1638,722-244-88
4035,722-632-42
3189,722-751-10
4045,722-879-93
4343,723-551-47
2830,723-629-96
3123,723-666-33
1496,723-723-45
3992,724-008-47
2121,724-231-37
582,724-438-55
4696,724-446-92
3246,724-678-09
1761,725-188-93
1710,725-229-22
3047,725-456-46
722,725-527-13
4198,725-796-96
3546,726-014-83
749,726-342-78
3330,726-671-01
4083,726-695-48
2262,726-809-93
2779,726-855-02
4243,726-928-90
1462,727-037-64
2298,727-236-37
2408,727-284-39
4180,727-705-22
975,728-007-95
2147,728-362-75
3173,728-391-01
3009,728-532-34
1019,728-684-81
1880,728-692-72
2104,729-687-45
2762,729-862-57
1286,730-744-66
3236,731-147-49
1313,731-279-78
1811,731-292-57
1205,731-739-07
2523,731-978-43
3632,732-101-98
1355,732-481-73
960,732-522-58
4423,732-568-83
4084,733-040-19
3465,733-209-46
4306,733-252-75
739,733-568-70
871,733-806-53
609,733-897-24
928,734-069-01
3809,734-474-00
3749,734-576-18
3446,734-691-88
1639,734-924-02
969,735-000-69
2799,735-033-54
3191,735-096-16
4499,735-140-37
837,735-604-45
3233,735-981-46
3271,736-004-82
3931,736-074-03
1123,736-111-76
734,736-225-54
2632,736-363-04
1731,736-572-35
3908,736-758-57
4725,736-773-63
4530,737-659-42
735,737-668-01
3918,737-893-30
794,738-133-91
2152,738-335-57
1726,738-667-88
3752,738-690-45
3158,738-702-54
3034,739-133-59
4575,739-207-05
4218,739-346-03
4226,739-393-63
2099,739-567-14
2936,739-693-38
3766,740-129-46
2311,740-131-78
917,740-440-16
3717,740-716-02
4059,740-803-19
4666,740-954-33
3712,741-026-44
3637,741-359-49
4152,741-660-99
1470,742-098-74
3214,742-150-42
2242,742-245-92
4739,742-279-19
2847,742-569-90
2435,742-716-05
4539,743-039-06
3740,743-351-76
4200,743-551-92
1190,743-601-67
2988,743-698-27
1799,743-852-76
3597,743-947-95
4627,744-405-06
2128,745-065-41
1473,745-382-93
4457,745-733-84
2124,745-828-86
2605,745-944-04
1858,746-972-70
581,746-975-86
4040,747-001-03
2709,747-198-88
4467,747-376-48
802,748-187-61
2401,749-026-18
4098,749-180-72
1038,749-371-44
3878,749-539-19
3285,749-752-87
1171,750-166-36
1066,750-258-27
2034,750-567-16
3245,750-682-48
1633,750-797-60
3889,750-846-14
3314,751-703-57
3344,751-851-75
4489,752-036-53
2291,752-482-77
2880,752-719-47
860,752-733-31
1764,753-257-36
811,753-314-47
3029,753-360-70
741,753-673-85
2530,753-695-53
4578,754-165-59
2908,754-400-34
3581,754-542-61
2886,754-558-62
1962,755-082-51
2670,755-119-20
2404,755-245-34
1546,755-265-67
768,755-274-58
914,755-347-47
2166,755-536-98
2728,755-546-68
4175,755-733-09
3738,756-227-05
1866,756-439-15
1604,756-457-58
2608,756-563-45
2658,756-670-97
2669,757-116-62
2723,757-152-61
767,757-214-10
1426,757-225-09
2548,757-413-35
3020,757-747-82
4372,757-752-17
892,757-788-63
3150,757-835-41
3903,757-976-13
654,758-103-73
1782,758-143-70
2506,758-288-52
1270,758-294-06
2481,758-469-51
4012,758-733-18
1702,758-763-13
1535,758-856-76
3968,759-508-82
3053,760-103-40
4286,760-147-75
1545,760-156-98
3061,760-248-93
3898,760-298-08
4328,760-837-89
2009,761-083-55
3834,761-460-73
2349,761-526-39
3567,761-578-18
2591,762-184-18
3299,762-213-85
4556,762-274-66
1495,762-292-39
1288,762-488-26
501,763-003-93
2526,763-577-66
2617,763-631-73
3783,763-878-35
3302,764-282-77
4663,765-050-22
2572,765-137-92
2759,765-257-76
984,765-428-76
951,766-045-71
1026,766-051-54
1004,766-458-76
2551,766-608-37
3021,766-674-23
1441,766-692-38
2930,766-768-19
708,766-810-45
3307,766-862-39
1622,766-937-87
1758,766-999-51
3142,767-206-12
3574,767-364-13
2935,767-413-40
4179,767-532-21
2441,767-623-21
2172,767-697-29
3155,767-748-47
1240,768-155-91
3130,768-192-09
1980,768-292-00
4034,768-502-31
3023,768-658-52
3622,768-700-69
3683,768-894-53
3765,769-181-72
3428,769-374-31
1538,769-399-90
2394,769-610-63
3221,769-617-58
1397,769-696-28
2451,769-738-98
1700,770-147-61
2690,770-556-96
4081,770-801-06
2635,770-991-57
3275,771-088-17
3436,772-266-28
2715,772-624-30
1301,772-880-30
4614,773-006-24
1883,773-025-98
2013,773-061-22
4426,773-683-96
4278,773-702-87
2677,773-871-99
1756,773-909-85
3550,774-589-74
2943,774-811-43
2139,774-968-91
1750,774-970-21
3561,775-022-33
1476,775-084-35
1398,775-374-84
1996,775-488-75
2536,775-565-83
2763,775-605-66
1923,775-668-82
3227,775-705-40
1466,775-738-35
1544,775-785-47
3839,775-815-64
4582,776-071-14
3657,776-330-85
2515,776-559-54
1262,776-715-31
2914,777-106-11
2590,777-192-76
3141,777-430-06
2511,777-441-57
4392,777-474-50
1906,777-475-13
1745,778-059-55
3859,778-217-85
2742,778-365-85
3451,778-480-90
2633,778-522-52
2076,778-615-23
2556,779-150-91
2558,779-270-65
3128,779-523-25
2046,779-628-34
1735,779-999-29
4005,780-159-85
1981,781-515-41
777,781-578-69
4685,782-093-78
1614,782-096-50
2418,782-223-04
2117,782-730-60
1387,782-735-16
1848,782-868-17
1836,782-954-44
3964,782-990-34
4603,783-023-97
674,783-047-16
1208,783-076-12
1120,783-311-65
1163,783-369-51
1658,783-566-60
2876,783-609-15
563,783-780-09
3383,783-933-17
827,784-006-37
2665,784-235-27
815,784-587-25
2873,784-728-35
1007,784-930-42
1280,784-966-32
656,785-155-14
1111,785-661-12
4067,785-687-15
3336,785-875-66
3742,786-546-66
2539,786-577-03
4082,787-114-20
1960,787-411-48
4224,787-482-30
2599,787-608-51
1565,787-741-17
4039,788-510-35
3286,788-531-75
733,788-560-01
748,789-129-06
1945,789-162-16
3511,789-258-88
3396,790-644-29
666,790-667-67
4037,790-777-78
3890,790-960-64
2148,791-179-35
1493,791-656-60
4437,791-684-59
1160,791-902-22
2757,792-226-88
2810,792-236-97
3075,793-140-83
2939,793-316-37
4623,793-375-73
1741,793-699-84
1576,794-844-58
1247,794-882-40
2512,795-133-94
2786,795-242-12
1092,795-270-39
2689,795-415-43
4120,795-447-75
1297,795-601-17
4410,795-628-50
1410,795-657-82
2427,795-969-26
3513,796-357-04
3939,796-828-72
3360,797-196-21
2727,797-348-96
2329,797-386-28
2319,797-767-78
1591,797-877-31
1835,797-994-90
921,798-357-89
3417,798-850-90
4736,798-853-92
1938,798-914-70
864,799-300-51
2254,799-470-14
2538,799-870-83
2445,800-435-37
541,800-549-63
1191,800-631-76
2295,801-209-06
2050,801-334-45
1757,801-448-54
3384,801-548-84
1096,802-146-70
1435,802-381-22
4414,802-469-93
1231,802-957-21
1525,802-972-46
4519,803-452-78
3183,803-615-84
2129,803-964-03
2648,804-011-43
4469,804-134-40
1547,804-429-88
2542,804-465-76
4581,804-762-68
2228,804-958-42
1338,805-058-09
2303,805-398-93
1810,805-418-51
3562,805-554-93
1910,805-657-82
4503,805-840-75
1168,805-931-30
4662,805-958-29
3209,806-033-64
4656,806-326-50
2725,806-407-80
4495,806-711-04
979,807-523-07
3213,807-566-83
3163,807-571-18
2375,808-219-41
3506,808-829-62
1306,809-879-99
1663,809-968-27
2411,810-012-62
882,810-298-51
4028,810-621-33
2397,810-644-65
3317,810-671-32
1479,811-029-30
1722,811-332-85
3759,811-341-32
2180,811-783-21
1957,811-896-60
525,812-425-32
3479,812-505-46
2691,812-676-22
3115,812-946-86
1176,813-150-81
3826,813-529-34
4425,813-555-04
3726,813-768-74
4721,813-880-93
2853,813-931-53
3010,814-071-04
2440,814-297-91
1752,814-440-26
891,814-466-77
2820,814-755-56
2000,814-910-82
621,815-214-04
3375,815-595-74
3616,815-663-96
3620,815-944-74
2353,816-007-57
3954,816-066-20
2647,816-596-48
526,816-841-98
3850,817-124-57
1061,817-776-47
4712,817-831-47
2528,817-965-31
3390,818-060-00
1146,818-107-97
2082,818-458-01
4612,818-595-18
2861,818-762-30
3958,818-883-02
3400,819-274-21
2774,819-516-63
3869,819-656-81
2857,819-679-01
4479,819-968-75
1222,820-251-82
2265,820-346-72
3402,820-540-35
2934,820-654-25
2320,820-747-37
1412,821-210-32
938,821-396-41
1478,821-435-15
2901,821-492-06
3500,821-565-19
2921,821-581-25
1357,821-897-57
818,822-013-02
996,822-186-96
4520,822-377-28
1952,822-763-25
2954,823-001-33
2122,823-669-77
4609,823-840-07
2053,823-959-65
3731,823-973-47
2486,824-246-48
1076,824-621-65
2398,824-841-45
512,824-929-67
3970,825-097-94
4476,826-205-54
3058,826-520-72
4157,826-767-97
2832,826-959-79
4099,827-378-00
1514,827-429-51
4640,827-604-93
2164,827-652-46
1365,827-797-49
1577,828-262-74
2711,828-413-60
1324,828-505-50
3840,828-801-89
3762,828-977-84
1050,829-209-38
2266,829-307-21
852,830-009-13
3197,830-164-48
2245,830-215-11
4202,830-272-99
1581,830-962-93
1768,831-031-63
3487,831-042-68
1316,831-171-00
2947,831-249-65
1660,831-472-41
2944,831-598-38
3313,831-810-81
612,832-149-64
4159,832-853-71
2416,833-038-35
3543,833-354-81
2367,833-923-78
4478,834-056-80
1837,834-371-63
4211,834-394-81
4363,834-733-85
4058,834-753-87
769,835-318-15
2577,835-323-22
2333,835-720-70
1589,835-945-39
1840,836-520-78
3608,836-959-18
3675,837-150-37
4136,837-252-68
3131,837-764-80
671,837-930-04
1265,838-041-32
929,838-348-58
1832,838-968-30
532,839-646-79
2343,839-934-37
3361,840-307-44
1916,840-378-28
810,840-521-28
940,840-617-20
1215,840-732-96
1845,841-014-85
2283,841-028-56
718,841-143-49
2238,841-395-68
3185,841-477-29
1427,841-546-39
3449,841-693-02
4282,842-091-84
4549,842-569-17
4551,842-629-69
2235,842-637-11
2002,842-732-04
1258,842-932-69
1867,843-104-41
3645,843-925-43
3705,843-952-68
709,844-208-42
3613,844-275-08
4375,844-523-61
1820,844-590-96
2716,844-937-36
3237,845-082-20
2239,845-624-63
3378,845-633-35
4013,845-750-33
2102,845-823-73
4168,845-965-05
3411,846-137-70
4237,846-351-74
4382,846-543-48
4716,846-891-64
3927,847-025-32
4337,847-168-86
1124,847-222-61
1967,847-257-72
1017,847-783-68
3621,848-079-57
948,848-171-49
1315,848-299-20
2597,848-307-62
2505,848-319-86
3389,848-679-75
3328,848-701-98
2169,848-906-02
1537,848-983-78
2925,849-001-31
4205,849-352-76
3790,849-658-68
4232,849-928-76
2437,850-134-41
2789,850-161-63
4346,850-371-16
3943,850-539-41
1012,850-642-79
1823,850-762-25
3944,851-262-33
3281,851-402-21
1024,851-832-48
1860,852-088-49
3643,852-145-48
1336,852-193-24
3437,852-372-55
2534,852-401-91
1451,852-764-46
4026,853-462-87
1955,854-137-66
3935,854-762-07
1598,855-093-00
616,855-603-71
1249,855-768-09
538,855-898-28
3929,855-950-96
2153,856-349-83
4717,856-371-56
1420,856-746-06
3036,856-808-55
3566,856-838-57
1586,857-273-98
3407,857-555-21
3948,857-851-79
4706,857-993-50
4126,858-234-35
2380,858-258-23
3786,858-625-52
4376,859-265-07
3695,859-446-40
3312,859-609-65
1812,859-671-86
1183,859-772-18
2846,860-008-69
2953,860-274-44
3744,860-295-81
2058,860-981-08
1108,861-013-10
3266,861-019-16
2134,861-036-40
1327,861-206-97
2862,861-313-57
2990,861-495-09
3321,862-060-93
516,862-210-11
2364,862-662-23
1166,862-838-48
3882,862-840-70
1695,863-026-66
4177,863-421-90
3051,863-810-29
2396,863-888-48
4024,864-034-20
3505,864-240-35
2969,864-356-97
2446,864-400-20
2269,864-479-73
1573,864-570-57
4399,864-810-85
845,864-847-45
3089,864-862-09
4708,865-259-73
2330,865-297-34
4737,865-334-11
606,865-516-87
3722,865-538-60
4475,865-583-62
4321,865-946-50
2004,866-040-34
3045,866-172-13
2494,866-226-66
2974,866-264-28
2653,866-381-68
520,866-918-14
2754,867-152-07
2444,867-324-68
3514,867-351-39
1132,867-424-92
3309,867-646-36
826,867-848-94
2803,868-043-14
783,868-140-99
1742,868-165-69
738,868-341-01
1299,868-401-65
3646,868-423-95
1686,868-693-11
2029,868-787-65
2681,869-334-38
4483,869-355-79
539,869-551-57
2222,869-675-74
4523,870-034-92
1796,870-296-83
667,870-479-53
1871,870-682-87
518,870-692-38
3611,870-877-69
4253,870-900-66
1998,870-908-41
2840,871-404-40
591,871-875-16
2634,871-980-53
4749,872-144-49
550,872-486-22
2474,872-667-86
1969,872-825-95
1590,872-930-65
1900,873-441-40
2837,873-812-17
3093,873-872-02
3499,873-896-74
1308,874-212-49
2387,874-392-94
4025,874-902-43
1135,875-007-99
3363,875-275-60
1368,875-284-00
636,875-304-79
1792,875-469-22
1461,875-514-22
4147,875-543-03
3496,876-185-51
968,876-236-69
2274,876-246-21
1662,876-480-46
4066,876-571-85
4699,876-931-03
2875,877-060-89
2777,877-611-13
1643,877-873-39
2032,877-925-83
2540,877-976-88
4052,878-007-48
931,878-054-42
4738,878-258-03
3849,878-488-56
3503,878-754-31
3199,879-520-81
2834,879-664-85
3624,880-028-17
2257,880-052-05
4707,880-255-29
4542,880-364-20
4381,880-419-79
1127,880-476-75
4564,880-482-38
3894,880-535-20
993,880-748-09
707,882-311-43
2040,882-327-57
2592,882-652-19
1391,882-842-83
944,883-072-39
885,883-214-50
2743,883-340-28
2495,883-605-34
1138,884-041-76
3857,884-062-91
4691,884-099-79
2854,884-126-95
1968,884-214-72
3016,884-629-30
782,884-701-16
3865,884-906-83
4432,884-979-95
668,885-280-96
2565,885-326-15
1144,885-338-50
897,885-474-00
1993,885-674-42
2660,885-829-14
2338,885-866-15
1956,886-182-31
4458,886-256-99
982,887-069-78
2519,887-142-70
1765,887-263-76
2544,887-308-15
4604,887-345-42
4396,887-670-18
2237,887-706-88
3337,887-745-82
1399,888-524-58
3207,888-899-95
4231,889-126-58
4427,889-208-53
2694,889-332-14
2256,889-426-61
4533,889-552-90
1494,889-781-88
1574,890-089-60
1513,890-350-41
2127,890-364-42
1406,890-517-46
1615,890-823-03
1107,890-873-02
3591,891-138-02
3467,891-278-70
905,891-288-35
3870,891-469-88
4141,891-513-98
637,891-758-32
657,892-117-57
2614,892-598-71
3017,892-689-64
2550,892-695-58
4718,893-143-63
4020,893-704-50
2318,893-910-52
2173,894-155-72
2561,894-320-67
3555,894-701-16
1198,894-738-52
2385,894-785-37
2581,895-203-29
1079,895-234-89
3602,895-373-44
3095,895-655-15
1619,895-829-25
2500,896-019-77
2549,896-259-16
1738,896-286-29
4326,896-501-06
3606,896-772-33
2014,897-048-61
2657,897-186-83
2043,897-206-56
2466,897-709-68
2097,897-715-84
3308,897-803-31
1578,898-028-13
3569,898-246-02
2089,898-343-89
836,898-541-64
2904,899-054-21
4167,899-280-13
2948,899-357-21
2066,899-461-08
2370,899-829-39
2626,900-069-63
2039,900-429-91
2352,900-850-06
3784,901-624-91
1580,901-626-58
4385,901-658-49
4209,901-716-52
4230,901-718-38
1052,901-771-99
903,901-798-43
4535,901-909-47
1966,901-979-82
724,902-092-44
4090,902-166-36
997,902-441-45
3892,902-850-57
2461,902-964-31
2738,903-020-27
4146,903-047-65
690,903-058-98
3559,903-290-24
2192,903-995-64
4643,904-004-92
4021,904-310-02
594,904-443-32
1502,904-473-11
2258,904-727-82
4380,904-925-31
3629,905-074-54
3348,905-213-07
2230,905-369-13
4525,906-123-66
4006,906-134-76
3416,906-388-52
2366,906-433-12
4244,906-467-76
3181,906-662-70
1498,906-855-16
1737,907-054-62
920,907-300-20
4502,907-311-56
4403,907-652-74
4724,907-816-85
1512,908-365-81
1777,908-449-72
1118,909-280-28
4485,909-604-98
3106,909-699-80
2671,909-821-76
3408,910-197-36
1015,910-285-28
964,910-294-31
1646,910-733-74
1685,910-790-34
4565,910-999-73
1086,911-179-82
4134,912-107-42
1122,912-153-22
2360,912-233-49
4044,912-419-69
954,912-616-38
4103,912-627-09
2878,912-650-88
2596,912-798-94
1216,913-185-88
772,913-579-87
4194,913-796-87
4552,913-855-52
3986,913-877-40
1407,914-071-01
875,914-331-75
1654,914-507-30
1499,915-010-35
3594,915-173-85
3116,915-418-73
3899,915-850-25
2007,915-898-00
4616,915-899-04
1345,915-991-84
3231,916-090-83
2199,916-153-01
3942,916-751-52
4746,916-767-13
966,916-791-31
3085,917-135-25
4561,917-860-16
2978,917-980-46
4027,917-993-79
3653,918-169-36
1804,918-239-91
4203,918-393-76
4463,919-110-61
1003,919-411-12
2672,919-762-79
4273,920-728-51
4171,921-264-41
3751,921-289-70
3355,921-341-45
3827,921-534-80
4288,921-995-10
1025,922-183-17
2193,922-231-44
1564,922-285-43
2899,922-966-38
2126,923-533-16
3471,923-606-51
2094,923-856-80
743,924-793-02
3919,924-888-07
603,924-987-10
4650,925-040-40
1105,925-485-39
3393,925-637-11
3971,925-790-05
1456,926-053-93
1455,926-133-53
1648,926-285-16
730,927-025-75
1184,927-054-34
4583,927-187-76
2654,927-265-92
2522,927-709-12
3577,927-941-45
740,928-026-64
556,928-131-60
3900,928-416-14
3733,928-418-89
4595,928-432-36
4268,928-538-19
3339,928-633-32
2895,928-755-61
3014,928-928-04
4615,929-183-89
3380,929-253-83
1885,929-952-35
2850,930-014-07
3775,930-052-87
3000,930-623-80
4586,930-645-46
3704,930-969-12
4497,931-082-32
1983,931-130-09
4605,931-349-91
3721,931-781-95
2321,931-929-03
725,932-322-14
3284,932-417-65
3553,932-580-08
2177,932-720-35
2490,932-726-55
1200,932-737-24
1056,932-994-42
716,932-996-24
943,933-096-06
4051,933-610-82
919,933-655-95
2158,933-676-20
4506,934-146-41
3315,934-273-86
3764,934-519-06
1447,934-600-55
4145,934-640-54
2860,934-889-58
4298,935-186-58
2323,935-298-57
3472,935-610-37
2272,935-663-95
895,935-667-06
4100,936-056-46
796,936-115-29
2554,936-334-16
1080,936-836-27
990,936-893-29
1678,937-346-86
3609,937-448-27
4424,937-738-83
3076,937-820-24
644,938-369-10
1103,938-539-54
2069,938-655-15
3737,938-706-33
819,939-522-10
3294,939-756-52
519,939-848-41
622,940-044-69
3589,940-059-70
4601,940-104-80
2232,940-327-33
2304,940-401-99
4672,940-516-03
2023,940-615-33
3710,940-715-35
1274,940-905-75
4598,941-086-86
2285,941-408-15
1232,941-428-06
1594,941-628-03
3127,941-732-85
2081,941-737-21
2563,941-931-93
1131,941-938-04
3909,942-086-66
1371,942-209-14
1887,942-356-74
2273,942-456-84
933,942-577-12
4222,942-860-07
4357,943-135-82
3655,943-170-89
3568,943-244-94
1890,943-689-75
1332,943-736-07
3768,943-760-95
3969,943-769-55
1567,943-886-55
822,944-723-38
1271,945-020-72
1819,945-133-06
3374,945-289-83
1746,945-363-70
2712,945-490-97
2938,945-909-79
4617,946-006-47
4223,946-052-75
2812,946-109-41
4668,946-193-76
2628,946-232-09
3549,946-406-29
2980,946-621-42
2314,946-801-55
607,947-242-83
2679,947-392-72
2703,947-412-00
4239,947-685-79
2868,948-136-78
1634,948-694-67
1725,948-970-83
3502,949-250-31
3713,949-896-61
4537,950-243-57
868,950-605-29
4419,950-703-04
3881,950-763-44
2984,950-805-34
4029,950-868-34
1748,950-882-64
3204,950-900-76
3558,951-355-94
2639,951-704-42
3105,951-728-24
3875,951-780-31
3001,951-930-50
1583,951-936-89
2744,952-125-02
1965,952-135-34
1102,952-171-60
2131,952-180-05
2010,952-202-85
3736,952-255-16
4116,952-361-22
1450,952-486-43
3578,952-505-24
4638,952-990-35
789,953-101-66
1554,953-401-81
1877,953-414-59
1152,953-954-05
3186,954-200-30
2093,954-201-40
3808,954-264-10
2595,954-292-12
2251,954-386-03
962,954-428-37
862,955-483-62
1409,955-609-04
1508,955-982-78
4702,956-127-56
2503,956-328-24
873,956-342-03
1035,956-395-18
857,956-709-03
2181,956-815-00
3896,957-178-65
2268,957-595-25
2203,957-631-50
2945,957-655-48
1065,957-661-03
833,957-663-00
2695,957-730-04
3210,957-977-05
2701,958-197-50
3991,958-341-15
715,958-427-58
3144,958-465-75
4111,958-633-03
2432,958-659-91
3829,958-941-08
2705,959-089-28
2464,959-570-59
1630,959-624-26
593,959-896-92
3585,960-441-23
4320,960-775-71
1587,960-808-56
2096,961-017-23
1279,961-273-23
4316,961-606-74
2722,961-635-24
4295,962-056-79
737,962-079-84
4247,962-120-21
3310,962-190-57
1475,962-432-21
726,962-539-55
2077,962-634-02
1224,963-588-17
1991,964-038-65
3044,964-178-04
3612,964-202-92
1838,964-450-10
987,964-548-90
1278,964-560-75
1510,965-258-73
3169,965-692-42
1193,965-744-77
1001,966-066-40
2611,966-850-03
1873,967-323-16
569,967-637-07
1611,967-669-73
2852,967-957-71
4279,967-973-28
2869,968-065-46
4144,968-157-95
1452,968-617-64
2412,968-698-47
2973,968-862-17
2406,969-095-77
2849,969-363-14
1110,969-584-68
2142,969-605-16
2956,969-919-53
2769,970-420-07
1878,970-497-73
1657,970-930-51
4271,971-473-55
3769,971-570-82
697,971-576-74
1672,971-606-17
2106,971-837-26
900,971-927-41
3159,972-023-31
3940,972-174-93
2999,972-206-38
4664,972-219-59
953,972-302-82
2682,972-329-21
4726,972-499-90
3626,972-660-81
647,973-133-75
2883,973-168-87
4659,973-437-06
4340,973-612-57
2702,973-833-36
4606,973-948-19
2028,974-003-29
4304,974-485-80
814,974-622-40
2171,974-971-24
2090,975-022-89
3011,975-519-07
2985,975-729-90
4207,975-776-21
1925,975-827-24
564,975-924-17
3743,975-947-94
3523,975-986-35
2618,976-642-98
3218,977-080-80
1202,977-081-08
1706,977-131-11
2646,977-223-26
1046,977-346-64
2616,977-615-96
4453,977-638-18
2015,977-727-73
523,978-199-05
4354,978-580-32
4317,978-611-35
624,978-656-84
546,978-670-27
3215,978-759-54
3871,978-769-15
4407,978-804-80
4088,978-869-86
2383,978-892-83
1995,979-097-01
2668,979-258-59
2439,979-717-38
3564,979-749-80
4055,980-240-82
1671,980-417-78
1959,980-508-15
1950,980-606-05
3799,980-834-14
1942,981-598-99
1868,981-622-05
4122,981-737-06
3041,981-990-36
3662,982-041-64
3434,982-325-81
2966,982-348-35
1075,982-564-26
4406,982-918-28
2567,982-995-95
4570,983-205-94
1362,983-264-51
3961,983-503-26
4488,983-646-79
4690,983-684-31
4587,983-755-41
1305,984-195-55
1072,984-197-85
1463,984-362-16
1920,984-386-99
3220,984-582-75
4492,984-731-36
2012,984-794-36
3293,984-817-27
2957,984-857-67
3478,985-116-34
2167,985-312-23
1856,985-480-05
3873,985-987-17
3542,986-311-22
3049,986-976-01
1235,987-346-78
3060,987-418-16
2111,987-454-37
4408,987-512-61
2070,987-570-45
847,987-620-21
2417,988-340-33
3071,988-521-79
2215,988-721-72
2345,989-060-91
941,989-356-82
3735,989-633-77
1186,990-143-82
4562,990-453-18
2292,990-519-41
2335,990-637-12
3877,990-684-60
3525,990-695-16
4069,991-043-27
1484,991-061-64
2680,991-222-61
3554,991-734-99
828,991-799-60
2569,991-838-25
3059,991-876-05
511,992-144-49
3689,992-279-95
2527,992-362-72
2819,993-109-13
1405,993-717-89
823,993-821-07
2468,994-743-81
1418,995-062-45
2838,995-067-48
4474,995-232-34
770,995-391-85
4196,995-442-37
2447,995-698-15
3092,995-804-57
3440,995-913-93
890,995-941-20
1246,995-990-31
1805,995-997-10
2249,996-069-81
4229,996-109-66
3368,996-278-27
705,996-448-23
679,996-689-90
961,997-256-92
2564,997-701-64
4734,997-879-27
3532,998-316-33
551,998-501-98
1527,998-576-92
2915,998-863-60
2734,998-979-02
1917,999-160-48
4600,999-535-46
3322,999-548-82
3421,999-585-11
2822,999-596-31
1489,999-617-51
3701,999-629-36
4545,999-811-49
524,999-924-57
4466,999-967-04
